,ConferenceSeriesNormalizedName,GrinClass,GrinRating
0,disc,3.0,B
1,esa,2.0,A-
2,enter,,
3,dexa,3.0,B
4,icaisc,,
5,interact,3.0,B
6,fct,3.0,B-
7,ltc,,
8,cvpr,1.0,A++
9,safecomp,3.0,B-
10,haid,,
11,bmsb,,
12,tsd,,
13,cav,1.0,A+
14,stacs,3.0,B
15,fse,,
16,isvc,,
17,kes,3.0,B-
18,icb,3.0,B
19,iros,1.0,A+
20,cleo,,
21,icet,,
22,ecml,2.0,A
23,seal,,
24,psivt,3.0,B-
25,mcs,3.0,B
26,ieee,,
27,icann,3.0,B-
28,icc,2.0,A
29,uic,,
30,crypto,1.0,A++
31,ijcar,,
32,amsta,,
33,uai,2.0,A
34,cade,2.0,A-
35,ants,,
36,grid,2.0,A-
37,gecco,2.0,A
38,iscas,2.0,A-
39,accv,3.0,B
40,wcc,,
41,icalp,2.0,A
42,amast,,
43,caip,3.0,B-
44,ifm,3.0,B-
45,fpl,3.0,B
46,apweb,,
47,wi,,
48,iis,,
49,isdc,,
50,wise,3.0,B
51,icess,,
52,profes,3.0,B-
53,emnets,,
54,ecc,3.0,B
55,ches,1.0,A+
56,euro-par,3.0,B
57,isaac,3.0,B
58,hipc,3.0,B
59,ccc,2.0,A
60,mmedia,,
61,ucmedia,,
62,icassp,2.0,A
63,spin,,
64,sagt,,
65,atc,,
66,approx/random,,
67,ideal,,
68,rfic,,
69,iccsa,,
70,ecoop,1.0,A+
71,icpr,2.0,A-
72,icpp,2.0,A
73,parco,3.0,B-
74,iclp,,
75,esiat,,
76,bmei,,
77,mdm,3.0,B
78,csr,,
79,mm,,
80,iscc,3.0,B
81,infocom,1.0,A++
82,swat,,
83,www,1.0,A++
84,pacificvis,3.0,B-
85,cloudcom,3.0,B
86,oopsla,1.0,A+
87,webmedia,,
88,ah,,
89,anss,3.0,B
90,wdag,,
91,sitis,,
92,nrsc,,
93,sctac,,
94,africon,,
95,ecctd,,
96,icra,2.0,A
97,siggraph,,
98,podc,1.0,A+
99,ncc,,
100,pkc,2.0,A
101,wthr,,
102,egov,,
103,dammcc,,
104,ciaai,,
105,arftg,,
106,iui,2.0,A
107,colt,1.0,A+
108,fm,2.0,A
109,acisp,,
110,fomc,,
111,adhocnets,3.0,B-
112,wafr,3.0,B-
113,iwoca,,
114,ecce,,
115,coling,2.0,A
116,wwic,,
117,icpads,3.0,B
118,recomb,3.0,B
119,cscw,1.0,A+
120,pppj,,
121,sigcse,2.0,A
122,globecom,2.0,A-
123,asp-dac,3.0,B
124,dac,2.0,A
125,acl,1.0,A++
126,stoc,1.0,A++
127,popl,1.0,A++
128,opodis,3.0,B-
129,icdcs,2.0,A
130,icon,,
131,iswc,1.0,A+
132,chi,1.0,A++
133,sigmod,1.0,A++
134,iiwas,,
135,soda,1.0,A+
136,nabic,,
137,npar,2.0,A-
138,embc,2.0,A-
139,promise,,
140,isit,2.0,A-
141,csmr,,
142,spaa,2.0,A
143,iemdc,,
144,focs,1.0,A++
145,cases,3.0,B
146,hicss,2.0,A
147,ipdpsw,,
148,icde,1.0,A++
149,acc,,
150,cdc,2.0,A-
151,icip,2.0,A-
152,pes,,
153,ipco,3.0,B
154,ace,,
155,vr,2.0,A
156,vmcai,2.0,A-
157,isie,,
158,miccai,2.0,A
159,icops,,
160,cpre,,
161,opensym,3.0,B-
162,ictac,3.0,B-
163,eurosys,1.0,A+
164,ec,1.0,A+
165,wsks,,
166,ijcnn,2.0,A-
167,secon,2.0,A-
168,icton,,
169,pesc,,
170,sac,3.0,B
171,imtc,,
172,websci,,
173,ias,2.0,A-
174,eurocrypt,1.0,A++
175,icme,2.0,A-
176,siu,,
177,eusipco,3.0,B
178,nips,,
179,iccv,1.0,A++
180,vtc,2.0,A
181,icca,,
182,gd,3.0,B
183,cca,3.0,B-
184,vldb,1.0,A++
185,dsn,2.0,A
186,qshine,,
187,latin,3.0,B-
188,lics,1.0,A+
189,candar,,
190,iot,,
191,valuetools,,
192,icce-berlin,,
193,mass,3.0,B
194,types,,
195,socg,2.0,A
196,iwann,,
197,sigmap,,
198,ijcai,1.0,A++
199,bodynets,,
200,wiopt,3.0,B
201,asist,,
202,icis,2.0,A-
203,bibe,,
204,scn,,
205,icec,3.0,B
206,wilf,,
207,mobihealth,,
208,wisa,,
209,lata,,
210,globalsip,,
211,eccv,1.0,A++
212,rskt,,
213,dueu,,
214,itcs,,
215,wasa,,
216,lopstr,,
217,aamas,2.0,A
218,isss,,
219,dasfaa,3.0,B
220,its,3.0,B
221,mmm,,
222,wifs,,
223,kdd,1.0,A++
224,icpram,,
225,eacl,2.0,A
226,ppsn,2.0,A-
227,er,3.0,B
228,cpm,3.0,B
229,iwdw,,
230,mfcs,3.0,B
231,ccece,,
232,isc,3.0,B-
233,asilomar,,
234,icpc,2.0,A
235,iva,3.0,B
236,fsmnlp,,
237,iwsec,,
238,emmcvpr,,
239,3dui,,
240,casc,,
241,eclai,,
242,fqas,,
243,icse,1.0,A++
244,aina,3.0,B
245,pricai,,
246,acsd,3.0,B-
247,compsac,3.0,B
248,dawak,3.0,B
249,isads,,
250,rev,,
251,tphols,,
252,iconip,3.0,B
253,cocoa,,
254,sigir,1.0,A++
255,cse,3.0,B-
256,gtn,,
257,icdsc,,
258,fsttcs,3.0,B
259,icoac,,
260,socc,,
261,aaai,1.0,A++
262,ssci,,
263,tacas,1.0,A+
264,wacv,2.0,A
265,esop,2.0,A
266,aiai,,
267,africacrypt,3.0,B-
268,csl,3.0,B
269,cocoon,,
270,issta,1.0,A+
271,naacl,1.0,A+
272,wcnc,2.0,A-
273,isbi,3.0,B
274,intellisys,,
275,iccci,,
276,hvc,,
277,algosensors,,
278,dis,2.0,A-
279,icdm,1.0,A++
280,pimrc,2.0,A-
281,nof,,
282,srds,3.0,B
283,ipec,3.0,B
284,asonam,3.0,B
285,big,,
286,dcfs,,
287,ares,3.0,B
288,iv,3.0,B
289,cdit,,
290,interspeech,2.0,A
291,recsys,2.0,A
292,ism,,
293,socialcom,,
294,itc,2.0,A-
295,ranlp,,
296,itsc,,
297,smc,2.0,A-
298,icds19,,
299,icnc,3.0,B-
300,icsm,2.0,A
301,mlsp,,
302,soco,,
303,icdar,2.0,A
304,alt,3.0,B
305,date,2.0,A
306,icsp,,
307,petri,,
308,rss,2.0,A
309,ccgrid,2.0,A
310,ipdps,2.0,A
311,islped,2.0,A
312,icsc,,
313,softcom,,
314,euros&p,,
315,vtc2020-spring,,
316,saso,,
317,iccad,2.0,A
318,synasc,,
319,emnlp,1.0,A+
320,naps,,
321,concur,2.0,A
322,chiir,,
323,netsoft,,
324,esec/fse,1.0,A+
325,codaspy,,
326,itw,3.0,B
327,umap,3.0,B
328,fossacs,3.0,B
329,jcdl,3.0,B
330,waifi,,
331,tcc,1.0,A+
332,ictc,,
333,ppopp,1.0,A+
334,wsc,2.0,A-
335,gamesec,,
336,soli,,
337,fg,2.0,A-
338,slt,3.0,B
339,icai,,
340,pci,,
341,rcis,,
342,frocos,,
343,mipro,,
344,isgt,,
345,ecrts,2.0,A
346,icic,,
347,icce,,
348,aict,,
349,cira,,
350,wce,,
351,ccs,1.0,A++
352,ecai,2.0,A-
353,urai,,
354,pakdd,3.0,B
355,biocas,,
356,asicon,,
357,ccdc,,
358,mum,3.0,B-
359,dsp,3.0,B
360,icicip,,
361,cmc,,
362,ceidp,,
363,igarss,3.0,B-
364,icycs,,
365,icee,,
366,fskd,,
367,icmit,,
368,mfi,,
369,ubicomp,,
370,bioinformatics,,
371,hcs,,
372,dais,,
373,esscirc,3.0,B
374,icinco,,
375,ecsa,3.0,B
376,inscrypt,,
377,icar,3.0,B-
378,icadl,,
379,bigdata,,
380,bir,,
381,iciea,,
382,sigspatial,3.0,B
383,apl,,
384,svl,,
385,icm,,
386,tencon,,
387,cluster,2.0,A
388,micro,2.0,A
389,nnsp,,
390,cscwd,3.0,B-
391,gcpr,,
392,iscslp,,
393,apec,,
394,kicss,,
395,mue,,
396,ndss,1.0,A+
397,agro-geoinformatics,,
398,keod,,
399,apsipa,,
400,saci,,
401,kr,1.0,A+
402,rr,,
403,csee,,
404,greencom,,
405,rose,,
406,dss,,
407,mobide,,
408,iopads,,
409,npc,,
410,ats,,
411,sofsem,3.0,B-
412,case,,
413,bis,,
414,spire,3.0,B
415,idc,3.0,B
416,vamos,,
417,gi,2.0,A-
418,imsccs,,
419,ismar,2.0,A
420,icn,3.0,B
421,ahs,,
422,oceans,,
423,icsipa,,
424,isap,,
425,iscit,,
426,iscram,,
427,bics,,
428,sii,,
429,ssd,,
430,ccnc,3.0,B
431,lcn,3.0,B
432,vcip,3.0,B-
433,ngi,,
434,geoinformatics,,
435,mhs,,
436,cogsima,,
437,eurographics,,
438,glsvlsi,3.0,B
439,isnn,,
440,ucc,,
441,cisp,,
442,sec,3.0,B-
443,hpcc,,
444,wipsce,,
445,ewdts,,
446,ieem,,
447,vl/hcc,3.0,B
448,racs,,
449,coin,,
450,ecs,,
451,eisgt,,
452,atsip,,
453,nca,3.0,B
454,wts,,
455,iprm,,
456,mse,,
457,iccst,,
458,icmla,3.0,B-
459,ntms,,
460,visigrapp,,
461,vtc2019-fall,,
462,aisgsc,,
463,icaart,,
464,icecs,3.0,B-
465,bibm,,
466,wons,,
467,prime,,
468,ecir,2.0,A-
469,noms,3.0,B
470,iihmsp,,
471,ams,,
472,ims,,
473,icdcn,,
474,iecon,,
475,pldi,1.0,A++
476,acns,2.0,A-
477,hri,2.0,A
478,msn,,
479,edbt,2.0,A
480,icmtma,,
481,icnsc,,
482,sigcomm,1.0,A++
483,cp,2.0,A
484,acm-bcb,,
485,icuimc,,
486,icmmt,,
487,acii,3.0,B-
488,icci,,
489,ci,,
490,wcica,,
491,icmcs,,
492,cic,,
493,liss,,
494,eann,,
495,mmsys,3.0,B-
496,nbis,,
497,ideas,3.0,B
498,hscc,,
499,iccsce,,
500,waspaa,3.0,B
501,eucap,,
502,codes+isss,3.0,B
503,icct,,
504,icst,2.0,A-
505,cis¡¯,,
506,iscid,,
507,lascas,,
508,swct,,
509,care,,
510,icufn,,
511,iceaa,,
512,ecal,3.0,B
513,cbse,,
514,cpp,,
515,isbde,,
516,humanoids,3.0,B
517,sacmat,3.0,B
518,t4e,,
519,cfi,,
520,mobimedia,,
521,iccd,2.0,A-
522,melecon,,
523,petra,,
524,imw,,
525,csf,2.0,A
526,soca,,
527,ofc,,
528,icsea,,
529,sum,,
530,spicd,,
531,ipsn,1.0,A++
532,cloud,2.0,A-
533,icns,,
534,csiirw,,
535,scis,,
536,ispd,3.0,B
537,drc,,
538,aisec,,
539,saint,3.0,B
540,cbms,3.0,B
541,icarm,,
542,icooolps,,
543,mobisys,2.0,A
544,educon,,
545,comsnets,,
546,icsoc,2.0,A-
547,ic3,,
548,rtss,1.0,A+
549,sma,,
550,icia,,
551,patmos,,
552,irps,,
553,wcci,,
554,crv,,
555,imcsit,,
556,ami,,
557,ivcnz,,
558,permis,,
559,siside,,
560,ssbse,,
561,med,,
562,sigsim,,
563,sips,3.0,B
564,camsap,,
565,icmlc,,
566,cgo,2.0,A
567,wocn,,
568,ifita,,
569,sosp,1.0,A++
570,isscc,2.0,A
571,cpem,,
572,i3d,2.0,A
573,simpar,,
574,socpar,,
575,rast,,
576,itng,,
577,fcs,,
578,tale,,
579,dd,,
580,sg,,
581,irmmw-thz,,
582,hai,,
583,rfid,,
584,epe,,
585,nsyss,,
586,enase,,
587,ieee-ei2-2018,,
588,icmv,,
589,iiaiaai,,
590,ismm,,
591,sigdoc,,
592,percom,1.0,A+
593,icdke,,
594,ekaw,3.0,B
595,eusflat,,
596,sose,,
597,cpaior,3.0,B-
598,ipin,,
599,sensys,1.0,A++
600,kivs,,
601,gis,,
602,automotiveui,,
603,jcis,,
604,ict,,
605,hpca,1.0,A+
606,pervasive,,
607,ase,2.0,A
608,ecdl,,
609,acmse,,
610,fccm,2.0,A-
611,whc,,
612,cw,,
613,vlsi-dat,,
614,itst,,
615,eic,,
616,ist,,
617,3dv,,
618,iccs,3.0,B
619,retis,,
620,poem,,
621,premi,,
622,wads,3.0,B-
623,wosp,,
624,hivets,,
625,doceng,3.0,B-
626,wcre,2.0,A-
627,mobiwac,,
628,iciip,,
629,icaic,,
630,mwscas,,
631,iciss,,
632,ai*ia,,
633,iitc,,
634,dtis,,
635,wmute,,
636,cikm,1.0,A+
637,hase,3.0,B-
638,hpcs,3.0,B-
639,ical,,
640,metrics,,
641,cso,,
642,his,,
643,iess,,
644,das,3.0,B
645,icoict,,
646,ica3pp,,
647,qtna,,
648,medi,,
649,ispacs,,
650,icetech,,
651,wowmom,3.0,B-
652,icccas,,
653,icics,3.0,B
654,mmsp,3.0,B
655,xsede,,
656,cms,,
657,iccc,3.0,B-
658,aim,,
659,fps,,
660,aciids,,
661,at,,
662,epia,,
663,vlsi-tsa,,
664,rws,,
665,dasc,,
666,wsmt,,
667,la-web,,
668,ectc,,
669,coopis,3.0,B
670,apmc,,
671,splash,,
672,robio,3.0,B-
673,icebi,,
674,ictai,3.0,B
675,icccnt,,
676,tools,3.0,B-
677,himi,,
678,wistp,,
679,incos,,
680,wcnis,,
681,snpd,,
682,emeit,,
683,wpes,,
684,asru,3.0,B-
685,redw,,
686,nss,,
687,gcce,,
688,trustcom,,
689,agile,,
690,essos,,
691,ewme,,
692,is,,
693,msr,2.0,A
694,ih,3.0,B
695,cec,2.0,A-
696,ipccc,3.0,B
697,o-cocosda/caslre,,
698,acm,,
699,sab,,
700,chpsn,,
701,ecoc,,
702,sensors,,
703,rc,,
704,fit,,
705,sat,2.0,A-
706,fmcad,3.0,B
707,cit,3.0,B-
708,isda,,
709,ecti-con,,
710,asap,3.0,B
711,axmedis,,
712,ivec,,
713,worldcist,,
714,eeeic,,
715,acivs,3.0,B-
716,syscon,,
717,sice,,
718,issa,,
719,cac,,
720,csndsp,,
721,cas,,
722,fuzz-ieee,3.0,B
723,iemc,,
724,aiccsa,,
725,biosignals,,
726,mobilehci,2.0,A-
727,isspa,,
728,indin,3.0,B
729,pods,1.0,A+
730,async,3.0,B-
731,csc,,
732,kolicalling,,
733,emc,,
734,icalt,3.0,B
735,iwssip,,
736,siitme,,
737,epcp,,
738,aici,,
739,rsp,,
740,aipr,,
741,scia,,
742,ds,,
743,slip,,
744,fmics,,
745,cis,3.0,B-
746,ice,,
747,etfa,3.0,B
748,icdim,,
749,pcs,,
750,qomex,,
751,icsoft,,
752,mpc,,
753,sigmetrics,,
754,ciarp,,
755,e-science,3.0,B-
756,time,,
757,cicn,,
758,icit,,
759,eurohaptics,,
760,pact,2.0,A-
761,ggtacs,,
762,fusion,3.0,B-
763,mva,3.0,B-
764,nebec,,
765,qels,,
766,sigdial,3.0,B
767,icannga,,
768,dhm,,
769,iwpse,3.0,B-
770,bmvc,2.0,A
771,whispers,,
772,cspa,,
773,ibpria,,
774,bigcomp,,
775,ics,2.0,A
776,icstw,,
777,ispass,2.0,A-
778,icma,,
779,pads,3.0,B
780,pvsc,,
781,uist,1.0,A+
782,ems,,
783,wits-2019,,
784,isec,,
785,ancs,3.0,B
786,ithet,,
787,iitsi,,
788,arso,,
789,t&d,,
790,icicdt,,
791,isscs,,
792,apsi,,
793,bwcca,,
794,dapi,,
795,systol,,
796,iccae,,
797,wamicon,,
798,fdtc,3.0,B-
799,isqed,3.0,B
800,netgames,3.0,B
801,fgcn,,
802,dms,,
803,ksem,,
804,sutc,,
805,pn,,
806,cicc,3.0,B
807,iea/aie,,
808,iccse,,
809,apms,,
810,es,,
811,icistm,,
812,is-eud,,
813,icira,,
814,aswec,,
815,ispa,,
816,s&p,1.0,A++
817,fpt,,
818,icmt,3.0,B-
819,group,2.0,A-
820,milcom,,
821,fimh,,
822,nossdav,2.0,A-
823,dft,3.0,B
824,wetice,3.0,B-
825,vts,3.0,B
826,edutainment,,
827,adc,,
828,ircdl,,
829,bic-ta,,
830,epvmmpiugm,,
831,gpce,2.0,A-
832,mobicase,,
833,scsc,,
834,ieee/acm,,
835,icgcc,,
836,biomed,,
837,isa,,
838,kmis,,
839,icons,,
840,bmsd,,
841,amswmc22,,
842,dlt,3.0,B-
843,pos,,
844,iccbr,3.0,B-
845,edcc,,
846,ipps,2.0,A-
847,sc,1.0,A+
848,hlt,,
849,mtt,,
850,ddecs,,
851,ius,,
852,isftc,,
853,eccb,3.0,B
854,safeconfig,,
855,icumt,,
856,wcsp,,
857,ie,,
858,iswcs,3.0,B
859,icws,2.0,A
860,icgi,,
861,cisti,,
862,socinfo,,
863,wism,,
864,globe,,
865,fme,,
866,seaa,3.0,B-
867,eurosime,,
868,ines,,
869,dim,,
870,words,,
871,sgp,3.0,B
872,ec-web,,
873,cie,3.0,B-
874,ifsa/nafips,,
875,psb,2.0,A
876,pe-wasun,,
877,vlsid,3.0,B
878,fdg,,
879,wisec,2.0,A-
880,icsecs,,
881,cinc,,
882,collaboratecom,,
883,seams,3.0,B
884,lid,,
885,ram,,
886,icist,,
887,ipfa,,
888,fbit,,
889,radarcon,,
890,ipcc,,
891,wpmc,,
892,lak,2.0,A-
893,icoin,,
894,dcoss,3.0,B
895,iri,,
896,icdcsw,,
897,ro-man,2.0,A-
898,mobiquitous,3.0,B
899,waw,,
900,edm,3.0,B
901,pets,2.0,A-
902,apnoms,,
903,emo,2.0,A-
904,ai,,
905,assets,2.0,A-
906,icsssm,,
907,eatis,,
908,qsic,,
909,icitee2018,,
910,eumas,,
911,ppam,,
912,resource,,
913,pcm,3.0,B-
914,pdcat,,
915,cimca,,
916,iih-msp,,
917,mtdt,,
918,ices,,
919,ita,,
920,ambi-sys,,
921,siguccs,,
922,iacai,,
923,gpc,3.0,B-
924,models,2.0,A-
925,saga,,
926,icores,,
927,icass,,
928,paccs,,
929,eurocon,,
930,cpr,,
931,iita,,
932,eswc,2.0,A-
933,ciss,,
934,iccas,,
935,iccsp,,
936,pic,,
937,seke,3.0,B-
938,aime,,
939,eurogp,3.0,B
940,ecmda,3.0,B-
941,paams,,
942,ozchi,3.0,B-
943,iwat,,
944,cscl,2.0,A-
945,cgiv,,
946,arc,,
947,fsen,,
948,sip,,
949,atmos,,
950,hypertext,3.0,B
951,hpsr,,
952,euc,,
953,nvmts,,
954,dsc,,
955,ghtc,,
956,icgse,,
957,bsb,,
958,peds,,
959,icarcv,,
960,icail,3.0,B-
961,data,,
962,iser,3.0,B
963,wce-2015,,
964,sisy,,
965,ests,,
966,icmic,,
967,jurix,,
968,ipmu,,
969,mie,,
970,springsim,,
971,cts,,
972,sigite,,
973,iciis,,
974,ifiptc-nc,,
975,setn,,
976,esocc,,
977,am,,
978,ease,3.0,B-
979,icmi,2.0,A-
980,pdc,,
981,mir,,
982,medes,,
983,cc,3.0,B
984,isse,,
985,chase,,
986,isr,,
987,iwcmc,3.0,B
988,icost,,
989,dyspan,3.0,B-
990,gcc,,
991,avi,3.0,B
992,ispsd,,
993,icfcm2018,,
994,dgci,,
995,vamr,,
996,re,2.0,A
997,wuwnet,,
998,icisc,,
999,acm-sac,,
1000,vss,,
1001,dsd,,
1002,ismict,,
1003,ismvl,,
1004,icinpro,,
1005,wimob,3.0,B
1006,msept,,
1007,c5,,
1008,icimcs,,
1009,esseeb,,
1010,dsaa,,
1011,pam,3.0,B
1012,doceis,,
1013,ijcbs,,
1014,csie,,
1015,vdse,,
1016,robocup,3.0,B-
1017,tcs,,
1018,cason,,
1019,ia,,
1020,sle,3.0,B-
1021,cad/graphics,,
1022,im,3.0,B
1023,icmb,,
1024,isvlsi,,
1025,hpdc,2.0,A
1026,eee,,
1027,eucnc,,
1028,fdl,,
1029,iciar,,
1030,sbrn,,
1031,eurocolt,,
1032,cimsim,,
1033,icisa,,
1034,saicsit,,
1035,vrcai,,
1036,nems,,
1037,eit,,
1038,iswpc,,
1039,parle,,
1040,cip,,
1041,isca,1.0,A++
1042,sas,3.0,B
1043,iceute,,
1044,skg,,
1045,saner,3.0,B-
1046,pkdd,,
1047,grc,,
1048,drcn,,
1049,acri,,
1050,icsdm,,
1051,eem,,
1052,qosa,,
1053,cnsr,,
1054,fie,3.0,B-
1055,icebe,,
1056,sdm,2.0,A
1057,fsr,,
1058,icac,3.0,B
1059,cosade,,
1060,cict'2018,,
1061,csedu,,
1062,isbmda,,
1063,ssst,,
1064,acpr,,
1065,ant,,
1066,ride,3.0,B-
1067,icwapr,,
1068,issep,,
1069,mmet,,
1070,compsystech,,
1071,sicc,,
1072,iccabs,,
1073,iciap,3.0,B
1074,cnsm,3.0,B-
1075,cascon,3.0,B
1076,mtv,,
1077,pkaw,,
1078,cscloud,,
1079,semcco,,
1080,ewsn,2.0,A-
1081,propor,,
1082,issre,3.0,B
1083,biostec,,
1084,iwomp,,
1085,enc,,
1086,16th-ibcast-2019,,
1087,wcls,,
1088,amc,,
1089,soict,,
1090,naecon,,
1091,sera,,
1092,icita,,
1093,icwn,,
1094,ec-tel,3.0,B-
1095,icisp,,
1096,pedg,,
1097,smart,,
1098,sstd,3.0,B
1099,web3d,,
1100,comma,,
1101,pervasivehealth,,
1102,picmet,,
1103,asplos,1.0,A+
1104,icegov,,
1105,spcs,,
1106,sara,,
1107,conpar,,
1108,eurocast,,
1109,icfem,3.0,B-
1110,spawc,3.0,B
1111,erlang,,
1112,compute,,
1113,baltic,,
1114,isee,,
1115,idaacs,,
1116,ra,,
1117,sigsmall,,
1118,icpw,,
1119,c3s2e,,
1120,ets,,
1121,ipmi,,
1122,imfedk,,
1123,jcc,,
1124,cisis,,
1125,mmis,,
1126,meco,,
1127,uahci,,
1128,pro-ve,,
1129,icsj,,
1130,eumc,,
1131,iscis,,
1132,iccca-2018,,
1133,conll,2.0,A
1134,bigspatial,,
1135,iti,,
1136,aitp,,
1137,biorob,,
1138,iwqos,3.0,B
1139,ast,,
1140,icmss,,
1141,csse,,
1142,memocode,,
1143,co-next,,
1144,foal,,
1145,amt,,
1146,icgec,,
1147,mms,,
1148,ewpdp,,
1149,icicic,,
1150,icwe,3.0,B-
1151,awic,,
1152,icobe,,
1153,hscc'19,,
1154,ccwc,,
1155,gwai,,
1156,ppdp,,
1157,icccn,3.0,B
1158,icsr,3.0,B
1159,hais,,
1160,lacc,,
1161,mmm-acns,,
1162,ppic,,
1163,edbt2008,,
1164,p2p,,
1165,cibcb,,
1166,ismis,,
1167,ssdbm,3.0,B
1168,mcdm,,
1169,hicss-43,,
1170,ncm,,
1171,kse,,
1172,irs,,
1173,issac,3.0,B
1174,dl,,
1175,iwjt,,
1176,alpit,,
1177,nordichi,3.0,B
1178,icitst,,
1179,sca,2.0,A
1180,icwet,,
1181,edssc,,
1182,mascots,3.0,B
1183,ifip,,
1184,iwinac,,
1185,dcai,,
1186,ice-b,,
1187,icict,,
1188,caise,2.0,A
1189,itherm,,
1190,conielecomp,,
1191,vrst,3.0,B
1192,isuvr,,
1193,cciw,,
1194,ida,3.0,B-
1195,mixdes,,
1196,imc,1.0,A+
1197,mmvr,,
1198,icpe,,
1199,idgd,,
1200,isncc,,
1201,icasd,,
1202,cicling,3.0,B-
1203,apccas,,
1204,isplc,,
1205,ajcai,,
1206,cibb,,
1207,bpm,2.0,A
1208,asiasim,,
1209,eics,,
1210,wpcs,,
1211,ecbs,,
1212,clef,3.0,B
1213,icvs,,
1214,cmsb,,
1215,jtres,,
1216,css,,
1217,icl-gnss,,
1218,wrla,,
1219,formats,,
1220,ps,,
1221,icml,1.0,A++
1222,dip,,
1223,sam,,
1224,iwce,,
1225,iccps,,
1226,isola,,
1227,ccsw,,
1228,icsrs,,
1229,icbhi,,
1230,icdh,,
1231,smartcity,,
1232,icvgip,,
1233,sbcci,,
1234,amta,,
1235,dagm-pr,,
1236,digipro,,
1237,ds-rt,,
1238,wcmhim,,
1239,iwb,,
1240,fedcsis,3.0,B-
1241,airs,,
1242,icdt,2.0,A-
1243,desrist,,
1244,icmcs'09,,
1245,secrypt,,
1246,simutools,,
1247,icnlp,,
1248,iceei,,
1249,ainl,,
1250,cgi,3.0,B-
1251,dg.o,,
1252,haiap,,
1253,plilp,,
1254,ceas,,
1255,sies,,
1256,rtas,2.0,A
1257,dicta,,
1258,cloud-ii,,
1259,iccl,,
1260,euvip,,
1261,la-hci,,
1262,vric,,
1263,ica,,
1264,adma,3.0,B-
1265,dcc,3.0,B
1266,hnqrsr,,
1267,dsom,,
1268,smartgridcomm,,
1269,icmr,2.0,A-
1270,icmens,,
1271,dars,,
1272,spi,,
1273,works,,
1274,wisnet,,
1275,ipemc,,
1276,aracs,,
1277,icmse,,
1278,icmc,3.0,B
1279,iticse,3.0,B
1280,lion,,
1281,dhma,,
1282,post,,
1283,msst,,
1284,isorc,3.0,B-
1285,icnp,2.0,A
1286,csd&m,,
1287,icosaps,,
1288,acs,,
1289,icsi,,
1290,vizsec,3.0,B-
1291,cores,,
1292,istc,,
1293,dils,,
1294,mldm,,
1295,istas,,
1296,dood,,
1297,accessnets,,
1298,amps,,
1299,dsmie-2019,,
1300,modelsward,,
1301,hcc,,
1302,aus-ai,,
1303,car,,
1304,ihci,,
1305,digitel,,
1306,icps,,
1307,compel,,
1308,hipeac,,
1309,nsip,,
1310,ws-fm,,
1311,persuasive,,
1312,csic,,
1313,giscience,,
1314,vlsic,,
1315,vast,3.0,B
1316,mswim,3.0,B
1317,fcst,,
1318,edaps,,
1319,icim,,
1320,promas,,
1321,lcpc,3.0,B
1322,icre,,
1323,bdas,,
1324,ihm,,
1325,pdp,,
1326,era,,
1327,icetc,,
1328,widm,,
1329,ocsc,,
1330,emsoft,,
1331,siit,,
1332,ac,,
1333,vissoft,,
1334,etelemed,,
1335,esorics,1.0,A+
1336,iccce,,
1337,bbs,,
1338,ewspt,,
1339,adprl,,
1340,iwcia,,
1341,ssiai,,
1342,eicc,,
1343,ssvm,,
1344,sarnoff,,
1345,grec,,
1346,jcsse,,
1347,icgt,3.0,B
1348,critis,,
1349,vdat,,
1350,wiamis,,
1351,fpga,2.0,A
1352,forte,3.0,B-
1353,aosd,,
1354,iwasi,,
1355,splc,2.0,A-
1356,prima,,
1357,pepm,3.0,B-
1358,infovis,,
1359,isic,,
1360,vstte,,
1361,asmc,,
1362,vlsi-soc,,
1363,ai2012,,
1364,sss,,
1365,radioelektronika,,
1366,sbes,,
1367,simultech,,
1368,icalip,,
1369,cbr,,
1370,isi,3.0,B-
1371,cidm,,
1372,crisis,,
1373,digitalheritage,,
1374,pmmhw,,
1375,itcc,,
1376,avss,3.0,B
1377,dbta,,
1378,gpecom,,
1379,iccvbic,,
1380,booksonline,,
1381,edoc,3.0,B
1382,wcae,,
1383,acmdev,,
1384,vsmm,,
1385,damon,,
1386,quatic,,
1387,woss,,
1388,iccgc,,
1389,essderc,,
1390,isecs,,
1391,icsca,,
1392,icfhr,3.0,B
1393,cig,3.0,B
1394,isaf,,
1395,apchi,,
1396,k-cap,3.0,B
1397,dgr,,
1398,aied,3.0,B
1399,acm-l,,
1400,adbis,,
1401,cars,,
1402,ispec,,
1403,girmse,,
1404,isads2019,,
1405,ivnc,,
1406,icibca,,
1407,prib,,
1408,dse,,
1409,waim,,
1410,icdcit,,
1411,amfg,,
1412,sieds,,
1413,hsi,,
1414,iisa,,
1415,unlpbea,,
1416,icsse,,
1417,padl,3.0,B-
1418,hlt-naacl,,
1419,apcc,,
1420,netcom,,
1421,iske,,
1422,cbmi,,
1423,ondm,,
1424,icetet,,
1425,ccta,,
1426,closer,,
1427,ia3,,
1428,cmmr,,
1429,icccd,,
1430,wbir,,
1431,bnaic,,
1432,arith,,
1433,lrec,3.0,B
1434,iemt,,
1435,sigcpr,,
1436,tgc,,
1437,drr,,
1438,miwai,,
1439,allerton,,
1440,esem,2.0,A-
1441,ilp,3.0,B
1442,robocomm,,
1443,wac,,
1444,humancom,,
1445,iberamia,,
1446,icdma,,
1447,nocs,2.0,A-
1448,camad,,
1449,aims,,
1450,sibgrapi,3.0,B-
1451,healthcom,,
1452,nesea,,
1453,aisc,,
1454,haptics,3.0,B
1455,vs-games,,
1456,socpros,,
1457,sui,,
1458,biodevices,,
1459,cbi,,
1460,nfm,,
1461,nafips,,
1462,scvt,,
1463,worm,,
1464,modelica,,
1465,discs,,
1466,scopes,,
1467,csee&t,,
1468,ic-nidc,,
1469,snc,,
1470,hotpar,,
1471,vmv,,
1472,cscs,,
1473,vnc,,
1474,ada-europe,,
1475,apgv,,
1476,hpc,,
1477,ccpr,,
1478,ads,,
1479,icsaw,,
1480,ijcci,,
1481,webist,,
1482,icig,,
1483,parelec,,
1484,mvhi,,
1485,c&c,,
1486,host,3.0,B
1487,rs,,
1488,debs,3.0,B-
1489,sbac-pad,,
1490,icids,,
1491,imecs,,
1492,jsspp,2.0,A-
1493,wabi,,
1494,hpec,,
1495,icat,,
1496,icnaia,,
1497,ausctw,,
1498,iea/aie-,,
1499,plas,,
1500,elpub,,
1501,whpcf,,
1502,europki,,
1503,psi,,
1504,sis,,
1505,isocc,,
1506,ursje,,
1507,icast,,
1508,cscn,,
1509,broadnets,3.0,B-
1510,isbra,,
1511,smartnet,,
1512,cseee,,
1513,padtad,,
1514,services,3.0,B-
1515,icitcs,,
1516,acsac,2.0,A
1517,ssp,,
1518,cia,,
1519,slp,,
1520,civr,2.0,A-
1521,iccve,,
1522,asiacrypt,1.0,A+
1523,mobility,,
1524,lisa,,
1525,pst,,
1526,iccms,,
1527,iiswc,,
1528,adehms,,
1529,icvr,,
1530,ichl,,
1531,epart,,
1532,cv,,
1533,iceccs,3.0,B-
1534,mcpr,,
1535,ichit,,
1536,passat,,
1537,sccc,,
1538,icgda,,
1539,fmse,,
1540,cf,3.0,B-
1541,icwl,,
1542,enbeng,,
1543,oss,,
1544,fgit,,
1545,ner,,
1546,pdsn,,
1547,mirage,,
1548,sccg,,
1549,caap,,
1550,lisat,,
1551,iciw,,
1552,tpctc,,
1553,hldvt,,
1554,fgr,,
1555,cyberc,,
1556,ssrr,,
1557,csa,,
1558,ngmast'10,,
1559,icfp,2.0,A
1560,bracis,,
1561,icset,,
1562,egpgv,,
1563,kst,,
1564,iccvg,,
1565,intetain,,
1566,fase,3.0,B
1567,sasp,,
1568,bcitba,,
1569,newcas,,
1570,taros,,
1571,nime,3.0,B
1572,hotplanet,,
1573,infoscale,,
1574,vlsit,,
1575,iceis,,
1576,cce,,
1577,paap,,
1578,icdl,,
1579,wsdm,1.0,A+
1580,gecon,,
1581,i-span,3.0,B-
1582,icspcs,,
1583,ictss,,
1584,isami,,
1585,europlop,,
1586,isica,,
1587,tase,,
1588,icves,,
1589,fdia,,
1590,cisim,,
1591,sea,3.0,B-
1592,bsbt,,
1593,csct,,
1594,smacd,,
1595,lct,,
1596,bica,,
1597,micai,,
1598,ipom,,
1599,fac,,
1600,nolisp,,
1601,wine,,
1602,nordsec,,
1603,elmar,,
1604,iwsc,,
1605,relaw,,
1606,what,,
1607,iswci,,
1608,iccp,,
1609,wmed,,
1610,iit,,
1611,miar,,
1612,wmrd,,
1613,tri-ada,,
1614,bci,,
1615,casa,,
1616,icact,,
1617,ispdc,,
1618,icqr,,
1619,jurse,,
1620,ichi,,
1621,wims,,
1622,arcs,,
1623,imis,,
1624,gkr,,
1625,ssiri,,
1626,ldta,,
1627,memea,,
1628,chimit,,
1629,ifost,,
1630,ivcp,,
1631,scalcom,,
1632,mwcn,,
1633,bdiot,,
1634,anlp,,
1635,mdai,,
1636,bncod,,
1637,isccsp,,
1638,amr,,
1639,ruleml,,
1640,ichcd,,
1641,icadl2018,,
1642,tlca,3.0,B-
1643,otmo,,
1644,euroitv,,
1645,sew,,
1646,mobicom,1.0,A++
1647,mmar,,
1648,etx,,
1649,softvis,3.0,B-
1650,blackseacom,,
1651,ipcat,,
1652,cans,,
1653,dic,,
1654,ecsqaru,,
1655,ispcs,,
1656,vda,,
1657,isai,,
1658,isess,,
1659,dolap,2.0,A-
1660,sriigc,,
1661,ieee-nano,,
1662,icitee,,
1663,ivic,,
1664,iwagpr,,
1665,rta,3.0,B
1666,iccma,,
1667,wd,,
1668,iwpp,,
1669,iesac,,
1670,ecis,3.0,B
1671,icdsm,,
1672,des,,
1673,icdsba,,
1674,iolts,,
1675,reconfig,,
1676,slate,,
1677,smps,,
1678,dm,,
1679,wocc,,
1680,fun,,
1681,ialp,,
1682,iciso,,
1683,hihcs,,
1684,sin,,
1685,aimsa,,
1686,tei,2.0,A-
1687,lctes,3.0,B
1688,nas,,
1689,icces-2018,,
1690,spsm,,
1691,spa,,
1692,dtip,,
1693,isdsrta,,
1694,acbd,,
1695,fm'08,,
1696,icaci,,
1697,sensornets,,
1698,mobisec,,
1699,pps-pdp,,
1700,icas,,
1701,apsec,3.0,B
1702,esec,,
1703,w2gis,,
1704,refsq,3.0,B-
1705,ecaec,,
1706,video,,
1707,achi,,
1708,ebccsp,,
1709,iceee,,
1710,aspdac,,
1711,plans,,
1712,trusted,,
1713,wg,3.0,B
1714,mindtrek,,
1715,scam,3.0,B-
1716,jckbse,,
1717,ftdcs,,
1718,3dtv-con,,
1719,sefm,3.0,B-
1720,smartcomp,,
1721,tap,3.0,B-
1722,iccnct,,
1723,spects,,
1724,dux,,
1725,i&cps,,
1726,btas,2.0,A-
1727,hips,,
1728,cosit,2.0,A-
1729,espi,,
1730,pg,,
1731,eurad,,
1732,cacsd,,
1733,wecwis,,
1734,haskell,3.0,B-
1735,isdoa,,
1736,securware,,
1737,cist,,
1738,apwc,,
1739,iait,,
1740,ictce,,
1741,cognition,,
1742,nsdi,2.0,A
1743,complex,,
1744,nldb,,
1745,comsware,,
1746,smo,,
1747,trustbus,,
1748,latincrypt,,
1749,sm,,
1750,coordination,,
1751,sws,,
1752,raid,1.0,A+
1753,rtcsa,3.0,B
1754,tamc,,
1755,ct-rsa,,
1756,mobiheld,,
1757,qest,3.0,B-
1758,fc,2.0,A
1759,inap,,
1760,ifl,,
1761,ilakc,,
1762,nanocom,,
1763,jprs,,
1764,fm-trends,,
1765,foiks,,
1766,walcom,,
1767,flops,,
1768,icapr,,
1769,law,,
1770,rv,,
1771,tqccc,,
1772,icaris,,
1773,rtns,,
1774,bigdatasecurity,,
1775,mt-its,,
1776,icrr,,
1777,eisic,,
1778,conext,2.0,A
1779,tai,,
1780,loca,,
1781,dictap,,
1782,paciia,,
1783,indocrypt,3.0,B
1784,icms,,
1785,new2an,,
1786,aird,,
1787,isce,,
1788,momm,,
1789,cistem2018,,
1790,dnis,,
1791,3dpvt,,
1792,mediacom,,
1793,gfp,,
1794,reka,,
1795,teem,,
1796,iccn,,
1797,cimsa,,
1798,nocarc,,
1799,bdcloud,,
1800,issep-2018,,
1801,bhi,,
1802,wmnc,,
1803,algebra,,
1804,l@s,,
1805,tg,,
1806,icais,,
1807,iaai,3.0,B-
1808,tableaux,,
1809,cgames,,
1810,middleware,2.0,A
1811,icecgra,,
1812,dimea,3.0,B-
1813,cns,,
1814,wicon,,
1815,ichs,,
1816,midsens,,
1817,sap,,
1818,icbi,,
1819,prdc,3.0,B-
1820,icime,,
1821,icdf,,
1822,cicsyn,,
1823,ieee-cs,,
1824,dsdis,,
1825,mig,,
1826,ic,,
1827,iiix,,
1828,icmts,,
1829,abz,,
1830,iwssd,,
1831,sisap,,
1832,cvmp,,
1833,ecil,,
1834,9-icgt-2018,,
1835,icbbe,,
1836,ais,,
1837,tamodia,,
1838,nspw,3.0,B-
1839,icfca,3.0,B-
1840,visapp,,
1841,emmsad,,
1842,sbia,,
1843,caad,,
1844,annes,,
1845,the,,
1846,iasv,,
1847,worldcis,,
1848,holm,,
1849,isip,,
1850,lvass,,
1851,ictm,,
1852,agi,,
1853,iat,3.0,B
1854,icdl-epirob,,
1855,ecco,3.0,B-
1856,isspit,,
1857,infoseccd,,
1858,aucc,,
1859,icphm,,
1860,iukm,,
1861,ecscw,3.0,B
1862,isis,,
1863,sbp,,
1864,mwcas,,
1865,ictte,,
1866,ies,,
1867,icsnc,,
1868,hvei,,
1869,ichcib,,
1870,pdis,,
1871,icuwb,,
1872,iceac,,
1873,waa,,
1874,icsps,,
1875,seus,,
1876,ecmfa,,
1877,paste,,
1878,ihi,,
1879,chp,,
1880,tacs,,
1881,icer,3.0,B-
1882,wintech,,
1883,icitam,,
1884,rcar,,
1885,cifer,,
1886,fes,,
1887,icsee,,
1888,apscc,,
1889,drm,,
1890,mobihoc,1.0,A+
1891,iwsoc,,
1892,ectel,,
1893,wkdd,,
1894,bigmm,,
1895,ictst,,
1896,amire,,
1897,darpa-isce,,
1898,atva,3.0,B-
1899,ijcnlp,2.0,A-
1900,icicct,,
1901,afgr,,
1902,mtags,,
1903,wistp2018,,
1904,icdc,,
1905,cogart,,
1906,aupec,,
1907,isaci,,
1908,bsn,,
1909,iwsm-sppm,,
1910,iahmas,,
1911,irsec'18,,
1912,iwsos,,
1913,hccle,,
1914,tridentcom,,
1915,edtc,,
1916,hcse,,
1917,ngmast'09,,
1918,ars,,
1919,ictcs,,
1920,icwmc,,
1921,photoptics,,
1922,ictd,,
1923,foci,,
1924,siot,,
1925,fopara,,
1926,arsc,,
1927,gmai,,
1928,icstcc,,
1929,clei,,
1930,wollic,,
1931,smile,,
1932,qrs-c,,
1933,nlg,,
1934,ecms,,
1935,icara,,
1936,cdve,,
1937,epec,,
1938,financecom,,
1939,icga,,
1940,ciac,,
1941,mas,,
1942,bife,,
1943,iucs,,
1944,iptps,2.0,A-
1945,lanoms,,
1946,autonomics,,
1947,ew,,
1948,ab,,
1949,tpdl,3.0,B-
1950,buildsys,,
1951,icwn'09,,
1952,3dimpvt,,
1953,tma,,
1954,esflt,,
1955,sswmc,,
1956,mcsa,,
1957,besc,,
1958,inista,,
1959,cstst,,
1960,ismb,,
1961,ncma,,
1962,cfp,,
1963,bst,,
1964,dppi,,
1965,iciq,,
1966,adkdd,,
1967,ngmast,,
1968,psan,,
1969,ipaw,3.0,B-
1970,iwp,,
1971,dcma,,
1972,sra,,
1973,spm,3.0,B-
1974,grapp,,
1975,m,,
1976,eidwt,,
1977,isita,,
1978,wcet,,
1979,taai,,
1980,modelling,,
1981,icfn,,
1982,ehealth,,
1983,dasip,,
1984,icorr,,
1985,wms,,
1986,crownc,3.0,B
1987,chinacom,,
1988,ismir,2.0,A
1989,iwocl,,
1990,icits,,
1991,iciccs,,
1992,sciencecloud,,
1993,bpmn,,
1994,dbpl,3.0,B-
1995,wccce,,
1996,vee,2.0,A-
1997,soups,2.0,A-
1998,gmp,,
1999,dalt,,
2000,delta,,
2001,bdiot2018,,
2002,mabs,,
2003,onward!,,
2004,mahn,,
2005,a-sscc,,
2006,healthinf,,
2007,icimece2018,,
2008,scm,,
2009,iptc,,
2010,sbss,,
2011,egovis,,
2012,aseia,,
2013,iccwcs'19,,
2014,artsit,,
2015,cict,,
2016,8th,,
2017,segah,,
2018,osdi,1.0,A+
2019,igsc,,
2020,esair,,
2021,wfcs,,
2022,clp,,
2023,gir,,
2024,icici-2018,,
2025,icsports,,
2026,plos,,
2027,estimedia,,
2028,mpac,,
2029,mocast,,
2030,isec',,
2031,hotswup,,
2032,wmcsa,,
2033,gwfp,,
2034,apf,,
2035,itt,,
2036,esann,3.0,B
2037,nanoarch,,
2038,icbdr,,
2039,mkm,,
2040,eomas,,
2041,kdir,,
2042,lanman,,
2043,eh,,
2044,wisac,,
2045,icinpro-2018,,
2046,biokdd,,
2047,wmte,,
2048,dtmbio,,
2049,lacl,,
2050,facs,,
2051,eamta,,
2052,iwgs,,
2053,wetsom,,
2054,ictir,,
2055,smi,,
2056,dimva,3.0,B
2057,cve,,
2058,wpc,,
2059,icvars,,
2060,iptcomm,,
2061,phm,,
2062,c3it,,
2063,bled,,
2064,cata,,
2065,fmn,,
2066,pdpta,,
2067,hotnets,2.0,A-
2068,wpnc,,
2069,cits,,
2070,fcta,,
2071,wbc,,
2072,icvip,,
2073,tds,,
2074,semi-therm,,
2075,serene,,
2076,plm,,
2077,ispw,,
2078,icegov2019,,
2079,wsa,,
2080,acal,,
2081,midi,,
2082,isssta,,
2083,isabel,,
2084,psd,,
2085,iceed2018,,
2086,cats,,
2087,arm,,
2088,pacrim,,
2089,cycon,,
2090,tepra,,
2091,ehawc,,
2092,lapc,,
2093,icsob,,
2094,icseng,,
2095,dcis,,
2096,cacet,,
2097,iseud,,
2098,aaim,,
2099,annpr,,
2100,provsec,,
2101,hicons,,
2102,waoa,,
2103,bionetics,,
2104,odbis,,
2105,systor,,
2106,vecpar,,
2107,iwrp,,
2108,amdo,,
2109,wadt,,
2110,aswc,,
2111,icete,,
2112,mspw,,
2113,ldav,,
2114,tfp,,
2115,soc,,
2116,iccsam,,
2117,mtsr,,
2118,cacs,,
2119,gpgpu,,
2120,i-society,,
2121,icfie,,
2122,iea/aie-2019,,
2123,tqc,,
2124,hoti,2.0,A-
2125,iccsse,,
2126,icpec,,
2127,irregular,,
2128,mmics,,
2129,airweb,,
2130,natw,,
2131,ica-symp,,
2132,wm,,
2133,medea,,
2134,hpg,,
2135,ipas,,
2136,eurosec,,
2137,fmoods,,
2138,icecco,,
2139,cal,,
2140,avc,,
2141,wpui,,
2142,camp,,
2143,aiccsa-10,,
2144,icitm,,
2145,inews,,
2146,utp,,
2147,adhoc-now,,
2148,graphite,,
2149,egsr,,
2150,rtsi,,
2151,easss,,
2152,c&t,,
2153,hasp,,
2154,icncc,,
2155,bqgtcfd,,
2156,peccs,,
2157,diped-2018,,
2158,mates,,
2159,apwcs,,
2160,aiempro,,
2161,isas,,
2162,fosd,,
2163,sita,,
2164,icds,,
2165,aintec,,
2166,dante,,
2167,icdse,,
2168,sna,,
2169,mdl,,
2170,ngits,,
2171,apbc,,
2172,itre,,
2173,icoc,,
2174,atnac,,
2175,somet,,
2176,lsds-ir,,
2177,etm,,
2178,afrigraph,,
2179,biotechno,,
2180,chitaly,,
2181,iwsdac,,
2182,eewc,,
2183,pasco,,
2184,ecmr,,
2185,icmu,,
2186,dpaa,,
2187,icict-2018,,
2188,ams_ac47,,
2189,bmas,,
2190,csics,,
2191,wadas,,
2192,aplas,3.0,B-
2193,vvs,,
2194,apsys,,
2195,eesms,,
2196,latech,,
2197,isesd,,
2198,acit,,
2199,etra,3.0,B
2200,vecims,,
2201,artcom,,
2202,wirn,,
2203,icgs3,,
2204,bte,,
2205,sgda,,
2206,latw,,
2207,malware,,
2208,ingn,,
2209,adiwt,,
2210,norchip,,
2211,policy,,
2212,aicis'18,,
2213,greentech,,
2214,esw,,
2215,isdeiv,,
2216,ucs,,
2217,webkdd,,
2218,rv18,,
2219,mcs'09,,
2220,adcs,,
2221,wmc,,
2222,icacca-2018,,
2223,icecocs’,,
2224,whm,,
2225,alenex,3.0,B
2226,icait,,
2227,acw,,
2228,smartgreens,,
2229,radar,,
2230,icw,,
2231,experiment,,
2232,pmam,,
2233,iwaenc,,
2234,icdsm-2019,,
2235,criwg,,
2236,icsgrc,,
2237,bctm,,
2238,centeris,,
2239,wsom,,
2240,eumic,,
2241,icces,,
2242,clouddb,,
2243,ichqp,,
2244,clade,,
2245,lcc,,
2246,holomas,,
2247,chinz,,
2248,ivapp,,
2249,hinc,,
2250,asdam,,
2251,ross,,
2252,icsinc,,
2253,euro-dac,,
2254,paisi,,
2255,csb,,
2256,psc,,
2257,mco,,
2258,recosoc,,
2259,commad,,
2260,cmcsn,,
2261,inlg,,
2262,psats,,
2263,tapia,,
2264,icsim,,
2265,repc,,
2266,fast,1.0,A+
2267,cidu,,
2268,icss,,
2269,visa,,
2270,jectps,,
2271,amma,,
2272,aistats,1.0,A+
2273,analco,,
2274,neurips,1.0,A++
2275,iciet2018,,
2276,iccta,,
2277,symsac,,
2278,fcmuc,,
2279,larc,,
2280,rams,,
2281,tpdl2018,,
2282,wgp,,
2283,wosn,,
2284,scala,,
2285,icsip,,
2286,isuc,,
2287,iccmc,,
2288,w4a,3.0,B-
2289,wmunep,,
2290,isia,,
2291,e2sc,,
2292,icee18,,
2293,evobio,,
2294,calco,,
2295,mkwi,,
2296,autotestcon,,
2297,cesi,,
2298,ismr,,
2299,icmip,,
2300,digra,,
2301,hcied,,
2302,gcb,,
2303,agere,,
2304,e-energy,,
2305,a2cwic,,
2306,pdes,,
2307,escience,,
2308,plateau,,
2309,larch,,
2310,presto,,
2311,iwsds,,
2312,trust,,
2313,ispce,,
2314,sltu-2018,,
2315,iccwcs,,
2316,ecows,,
2317,samos,,
2318,uc,,
2319,fhpc,,
2320,crc,,
2321,flairs,3.0,B-
2322,elp,,
2323,trec,3.0,B
2324,divanet,,
2325,storagess,,
2326,sai,,
2327,cisse,,
2328,mobiarch,,
2329,vlsi,,
2330,dbsocial,,
2331,gsn,,
2332,wren,,
2333,aisb,,
2334,icgsp,,
2335,rfidsec,,
2336,damp,,
2337,dls,,
2338,iswsa,,
2339,sehc,,
2340,isdea,,
2341,ladc,,
2342,fnms,,
2343,sasn,,
2344,rfid-ta,,
2345,ftfjp,,
2346,etaa,,
2347,icsa,2.0,A-
2348,icsc-cities,,
2349,wicsa,,
2350,apm,,
2351,cris,,
2352,tldi,,
2353,wse,,
2354,apcqs,,
2355,hopl,,
2356,mw4soc,,
2357,farm,,
2358,ae,,
2359,idtrust,,
2360,vipc,,
2361,ssv,,
2362,ichiisb,,
2363,bpmds,,
2364,pesos,,
2365,sami,,
2366,adt,,
2367,pakm,,
2368,wsse,,
2369,rie,,
2370,ausdm,,
2371,asmta,,
2372,upgrade-cn,,
2373,ukci,,
2374,e-forensics,,
2375,fois,3.0,B-
2376,wsna,,
2377,soict',,
2378,icsgsc,,
2379,tmra,,
2380,upinlbs,,
2381,cswws,,
2382,simulationstechnik,,
2383,mobilware,,
2384,cnl,,
2385,cardis,3.0,B-
2386,mcu,,
2387,jclcs,,
2388,macom,,
2389,wwv,,
2390,rvsp,,
2391,chinagrid,,
2392,swste,,
2393,cai,,
2394,smap,,
2395,iirw,,
2396,southeastcon,,
2397,dsl,,
2398,tamoco,,
2399,aia,,
2400,intensive,,
2401,foga,3.0,B
2402,usenix,1.0,A+
2403,icad,,
2404,web,,
2405,intrust,,
2406,wese,,
2407,dbkda,,
2408,fire,,
2409,fcv,,
2410,vtdc,,
2411,paar,,
2412,kr4hc,,
2413,appis,,
2414,dcnet,,
2415,pnpm,,
2416,haeg,,
2417,tbillc,,
2418,mol,,
2419,icssp,,
2420,i-semantics,,
2421,irtaw,,
2422,eurossc,,
2423,vinci,,
2424,eurobot,,
2425,isese,3.0,B
2426,swat4ls,,
2427,dpds,,
2428,iceit,,
2429,shark,,
2430,sna-kdd,,
2431,security,1.0,A++
2432,iclr,1.0,A++
2433,pscc,,
2434,icls,,
2435,ett,,
2436,icni,,
2437,sfcm,,
2438,dmo,,
2439,lbsn,,
2440,iwaal,,
2441,mompes,,
2442,aism,,
2443,comitcon-2019,,
2444,memics,,
2445,giis,,
2446,mesa,,
2447,admi,,
2448,mike,,
2449,itp,3.0,B-
2450,iwcf,,
2451,textgraphs,,
2452,inss,,
2453,random,,
2454,uksim,,
2455,mfps,,
2456,ftc,,
2457,sbim,,
2458,amia,2.0,A-
2459,cla,,
2460,iwai,,
2461,ala,,
2462,smt,,
2463,cassis,,
2464,scai,,
2465,ursw,,
2466,iassist,,
2467,performance,,
2468,mnm,,
2469,wosis,,
2470,woda,,
2471,lars-ccac,,
2472,vrml,,
2473,hltr,,
2474,senta,,
2475,deon,,
2476,cocs,,
2477,dmaia,,
2478,infos,,
2479,euroisi,,
2480,nicso,,
2481,cccg,,
2482,hfr2018,,
2483,acg,,
2484,cserc,,
2485,tark,3.0,B
2486,tinlap,,
2487,sdkb,,
2488,intelec,,
2489,est,,
2490,hllca,,
2491,sehpccse,,
2492,vanet,,
2493,omn,,
2494,icbdsc,,
2495,ssr,,
2496,vmil,,
2497,acml,,
2498,edbt-icdt,,
2499,ldk,,
2500,impact,,
2501,ctic,,
2502,ifuzzy,,
2503,iwpt,,
2504,ceec,,
2505,iqis,,
2506,ndm,,
2507,iwcts,,
2508,code,,
2509,optics,,
2510,pair,,
2511,webdb,3.0,B
2512,sde,,
2513,isaect,,
2514,ieee-nems,,
2515,bdet,,
2516,dest,,
2517,and,,
2518,iccbdc,,
2519,etp,,
2520,apede,,
2521,peci,,
2522,dcs,,
2523,dna,3.0,B-
2524,wsadtjcompasswrtdts,,
2525,ssrc,,
2526,cds,,
2527,prn,,
2528,samt,,
2529,woot,,
2530,k4help,,
2531,izs,,
2532,rie2019,,
2533,bm-fa,,
2534,wmash,,
2535,wivace,,
2536,icenco,,
2537,less,,
2538,icrcv,,
2539,nusod,,
2540,mmcs,,
2541,ftscs,,
2542,aips,,
2543,stc,3.0,B-
2544,iait2018,,
2545,icnc'10,,
2546,auic,,
2547,icced,,
2548,securecomm,3.0,B-
2549,sosr,,
2550,onisw,,
2551,cibb2018,,
2552,datalog,,
2553,ihip,,
2554,sltu,,
2555,xsym,,
2556,gce,,
2557,ap2ps,,
2558,aiml,,
2559,stairs,,
2560,dsmml,,
2561,apsitt,,
2562,sbmf,,
2563,didc,,
2564,ogc,,
2565,mgc,,
2566,promas',,
2567,mobilight,,
2568,plpv,,
2569,icecocs’18,,
2570,hci,,
2571,istt,,
2572,wises,,
2573,bcb,,
2574,ecdm,,
2575,birte,,
2576,shihimi,,
2577,mapr,,
2578,ismb/eccb,,
2579,icfsp,,
2580,sns,,
2581,imcl,,
2582,soi,,
2583,vcbm,,
2584,cgra,,
2585,ddcr,,
2586,ipc,,
2587,cocoon',,
2588,eos/esd,,
2589,wits,,
2590,sac',,
2591,eurosam,,
2592,rapido,,
2593,isipta,,
2594,clima,,
2595,nsdr,,
2596,icace-2018,,
2597,wh,,
2598,dbisp2p,,
2599,ecir'10,,
2600,icsap,,
2601,qi,,
2602,rv'08,,
2603,ctw,,
2604,swsm,,
2605,icees,,
2606,hcitoch,,
2607,idsc'19,,
2608,iccsit,,
2609,coins,,
2610,wicow,,
2611,ewili,,
2612,eurocg,,
2613,ibica,,
2614,cuu,,
2615,mpc'10,,
2616,ssm,,
2617,soap,,
2618,weit,,
2619,procomet,,
2620,issnip,,
2621,eoolt,,
2622,soft-ware,,
2623,ngct-2018,,
2624,bdse,,
2625,pgm,,
2626,mlg,,
2627,plop,,
2628,kes-amsta,,
2629,ecta,,
2630,i-know,,
2631,icrai,,
2632,wcps,,
2633,btw,,
2634,icrae,,
2635,hotmiddlebox,,
2636,drsmcn,,
2637,bird,,
2638,issse,,
2639,ndt,,
2640,bdva,,
2641,pcic,,
2642,p2pir,,
2643,cibse,,
2644,akbc,,
2645,sensappeal,,
2646,ssip,,
2647,wpa,,
2648,swqd,,
2649,cita,,
2650,seafood,,
2651,a-most,,
2652,icmset,,
2653,hotpower,,
2654,s3,,
2655,xp,3.0,B
2656,simplex,,
2657,dmsn,,
2658,assri,,
2659,treffen,,
2660,pdsw,,
2661,spl2019,,
2662,spel,,
2663,raics,,
2664,mos,,
2665,mmdg,,
2666,ait2s,,
2667,itms,,
2668,amcis,3.0,B
2669,ihtc,,
2670,icaps,2.0,A
2671,irfc,,
2672,vriphys,,
2673,afl,,
2674,amsf,,
2675,sbe19,,
2676,sdsc,,
2677,mace,,
2678,ictmim,,
2679,mda,,
2680,vsrnlp,,
2681,pret,,
2682,mmdb,,
2683,micro-41,,
2684,daarc,,
2685,localrec,,
2686,gme,,
2687,actea,,
2688,serial,,
2689,cosn,,
2690,icta,,
2691,ala-11,,
2692,mrc,,
2693,iccm,,
2694,htcdp,,
2695,digibiz,,
2696,dtv,,
2697,iwrmc,,
2698,inetsec,,
2699,rwsn,,
2700,aaa-idea,,
2701,quasoq,,
2702,shircon,,
2703,spectra2018,,
2704,iccpol,,
2705,ecplp,,
2706,paisi',,
2707,swap,,
2708,ciaa,,
2709,iccea,,
2710,csae,,
2711,sems,,
2712,icaase,,
2713,cpa,,
2714,tada,,
2715,sipew,,
2716,iccr,,
2717,icslt,,
2718,ieee/sies,,
2719,icdipc,,
2720,iceese2018,,
2721,lagos,,
2722,cslp,,
2723,wflp,,
2724,cee-set,,
2725,wot,,
2726,ncta,,
2727,ista,,
2728,diped,,
2729,fics,,
2730,spectra,,
2731,fomi,,
2732,inoc,,
2733,mobigis,,
2734,mspc,,
2735,proofs,,
2736,pit,,
2737,stm,,
2738,ifsa-eusflat-,,
2739,iqec,,
2740,rule,,
2741,southchi,,
2742,fmsp,,
2743,icpadm,,
2744,hpts,,
2745,dsmm,,
2746,winsys,,
2747,segs,,
2748,icgc,,
2749,cilc,,
2750,csbio,,
2751,icsimat,,
2752,ecomo,,
2753,accs,,
2754,aiit,,
2755,plsa,,
2756,aaip,,
2757,icannga'09,,
2758,ewrl,,
2759,acdc,,
2760,locweb,,
2761,hrpr,,
2762,owled,3.0,B-
2763,hotsec,,
2764,icsi2018,,
2765,anb,,
2766,eckm,,
2767,crisis',,
2768,hprcta,,
2769,iiir,,
2770,clin,,
2771,realwsn,,
2772,repe,,
2773,auv,,
2774,eiswt,,
2775,mcis,,
2776,inciscos,,
2777,ant-2019,,
2778,htl,,
2779,appt,,
2780,scheme,,
2781,sosp'09,,
2782,iciccd,,
2783,sysml,,
2784,sbbd,,
2785,artemis,,
2786,pris,,
2787,afp,,
2788,siot2018,,
2789,isarcs,,
2790,icmai,,
2791,icmm,,
2792,procos,,
2793,lanc,,
2794,vhpc,,
2795,pacis,,
2796,dfrws,,
2797,epos,,
2798,raw,,
2799,icofcs-2018,,
2800,udm,,
2801,scc,3.0,B
2802,icwsm,2.0,A
2803,stringology,,
2804,fis,,
2805,xmlsec,,
2806,ctac,,
2807,hfr,,
2808,testcom,,
2809,trios,,
2810,icodse,,
2811,ijcci2018,,
2812,same,,
2813,etaps,,
2814,ws-rest,,
2815,ssip2018,,
2816,scs,,
2817,almodep,,
2818,neurotechnix,,
2819,icisgt-2018,,
2820,mobilehealth,,
2821,ict-glow,,
2822,mcsi,,
2823,snakdd,,
2824,kss2018,,
2825,monetec-2018,,
2826,safethings,,
2827,doa,,
2828,eccs,,
2829,iwst,,
2830,islc,,
2831,isites2018,,
2832,pikm,,
2833,colis,,
2834,mes,,
2835,ismco'2019,,
2836,tear,,
2837,jfsma,,
2838,pm2hw2n,,
2839,bse,,
2840,nsv,,
2841,ddfp,,
2842,cyber,,
2843,gsd,,
2844,smbm,,
2845,cc-nlg,,
2846,desire,,
2847,tapas,,
2848,psdml,,
2849,iwcts18,,
2850,tvx,,
2851,caine,,
2852,sasb,,
2853,ste,,
2854,iwpacbb,,
2855,nmr,,
2856,icoodb,,
2857,wiiat,,
2858,cosade'19,,
2859,iwei,,
2860,anniip,,
2861,icabs19,,
2862,celda,,
2863,cardiotechnix,,
2864,roots2018,,
2865,psats'09,,
2866,tcset,,
2867,quantumcomm,,
2868,flairs-32,,
2869,geoinfo,,
2870,avfop,,
2871,nsv'18,,
2872,loft,,
2873,icam,,
2874,eleco,,
2875,coria,,
2876,aiap,,
2877,icsrt,,
2878,csbio2018,,
2879,icfm,,
2880,i3e,,
2881,avocs,,
2882,icmmm,,
2883,icumc,,
2884,rwdsl,,
2885,asiaccs,2.0,A
2886,lpnmr,3.0,B-
2887,apcap,,
2888,icfi,,
2889,csonet,,
2890,tmm_ch2018,,
2891,icret,,
2892,icodis,,
2893,ejc,,
2894,chwese,,
2895,icima-2018,,
2896,ewaec,,
2897,icdecs,,
2898,iccss,,
2899,microservices,,
2900,express/sos,,
2901,omnet,,
2902,spppac,,
2903,red,,
2904,nlpcs,,
2905,icece,,
2906,ismco,,
2907,atides,,
2908,aadeca,,
2909,webnet,,
2910,ieeeaps,,
2911,b-hci,,
2912,msvveis,,
2913,icbpe,,
2914,icacsis,,
2915,cerias,,
2916,istawc,,
2917,weis,,
2918,quacon,,
2919,csaw,,
2920,wwse,,
2921,icnnb,,
2922,icfmm,,
2923,icaem,,
2924,itin,,
2925,icpwc,,
2926,ibcast,,
2927,tea,,
2928,syrcodis,,
2929,wccasa,,
2930,cmcn,,
2931,usits,,
2932,riao,,
2933,icgip,,
2934,lfnm,,
2935,sacee19,,
2936,paclic,,
2937,pedes,,
2938,siam-ppsc,,
2939,aares,,
2940,bcs,,
2941,hotdep,,
2942,ro2018,,
2943,icmce,,
2944,social,,
2945,coots,,
2946,ssme,,
2947,ickem,,
2948,6th,,
2949,bicob,,
2950,iceim,,
2951,assri'18,,
2952,lenls,,
2953,aiide,,
2954,viredu-2018,,
2955,woc,,
2956,mbmv,,
2957,sigasiadoc,,
2958,wscg,,
2959,cosaami-2018,,
2960,isos,,
2961,tea2018,,
2962,monami,,
2963,cidr,2.0,A
2964,sampta,,
2965,dfsd,,
2966,om,,
2967,miprobis,,
2968,hotcloud,,
2969,dasc-09,,
2970,q2swinet,,
2971,cea,,
2972,ci2018,,
2973,iwrt,,
2974,edurobotics,,
2975,dfnfk,,
2976,xime-p,,
2977,apccm,,
2978,israel,,
2979,imvsp,,
2980,srs,,
2981,cras,,
2982,acss,,
2983,bpsc,,
2984,itmc,,
2985,iape'2019,,
2986,nss/mic,,
2987,icmme,,
2988,ic3k,,
2989,deis,,
2990,mos-ak,,
2991,iccsee,,
2992,ftpds,,
2993,iwddc,,
2994,dmcc,,
2995,iccsnt,,
2996,leos,,
2997,rtucon,,
2998,amrsi,,
2999,lva/ica,,
3000,icset2018,,
3001,sdgt,,
3002,socs,,
3003,iwaci,,
3004,iir,,
3005,prode,,
3006,isaim,,
3007,wcst,,
3008,iicai,,
3009,iacc,,
3010,eurocal,,
3011,ictses,,
3012,ciec,,
3013,acss2019,,
3014,rita,,
3015,icetce,,
3016,itme,,
3017,icacm,,
3018,apsar,,
3019,aeroconf,,
3020,icrms,,
3021,wisp2018,,
3022,chsi,,
3023,taasp,,
3024,digiera19,,
3025,transducers,,
3026,notere,,
3027,goodtechs,,
3028,agiledc,,
3029,acl-clpsych,,
3030,egcas,,
3031,refine,,
3032,fapr,,
3033,cwnets,,
3034,europhras,,
3035,view,,
3036,tiwdc,,
3037,jva,,
3038,iwwert,,
3039,anna,,
3040,gi-ws,,
3041,acl-deeplo,,
3042,approx,3.0,B
3043,ccseit,,
3044,acmdis,,
3045,tes,,
3046,hsb,,
3047,etd2000,,
3048,phealth,,
3049,iwhd,,
3050,ifip5-5,,
3051,ecrime,,
3052,sp,,
3053,iwridl,,
3054,acmmpc,,
3055,tfcv,,
3056,cloud2,,
3057,npiv,,
3058,cadgraphics,,
3059,amet,,
3060,clar,,
3061,genderit,,
3062,icinfa,,
3063,spdp,,
3064,csclp,,
3065,avbpa,,
3066,sar,,
3067,ukcbr,,
3068,proms,,
3069,asianhost,,
3070,s-3,,
3071,acirs,,
3072,inf-dh,,
3073,iwsg,,
3074,gol,,
3075,ctrsa,,
3076,rz,,
3077,edge2,,
3078,idp,,
3079,sigada,,
3080,cococ,,
3081,elsnet,,
3082,scisec,,
3083,clear,,
3084,semotion,,
3085,smc2,,
3086,nlmua,,
3087,icfc,,
3088,conversations,,
3089,iccel,,
3090,wacg,,
3091,femib,,
3092,icse-deeptest,,
3093,compimage,,
3094,eurosp,,
3095,iscope,,
3096,dmkd,,
3097,mstec,,
3098,sca2,,
3099,ipmvm,,
3100,ftrtft,,
3101,xps,,
3102,vitae,,
3103,sdf,,
3104,acse,,
3105,mobidata,,
3106,isbms,,
3107,etrics,,
3108,misdoom,,
3109,mobilecloud,,
3110,oois,,
3111,espmm,,
3112,cimcdm,,
3113,ic-nc,,
3114,wcsc,,
3115,ifip6-8,,
3116,asiams,,
3117,siacg,,
3118,ifip11-8,,
3119,onlinegreencomm,,
3120,psl,,
3121,aist,,
3122,msras,,
3123,canopie-hpc,,
3124,rivf,,
3125,icecocs,,
3126,air,,
3127,lipari,,
3128,inns-wc,,
3129,isrr,3.0,B
3130,expressive,,
3131,icdec,,
3132,cvc,,
3133,cmn,,
3134,moco,,
3135,ticttl,,
3136,ausai,,
3137,wscad,,
3138,isbast,,
3139,zif,,
3140,helmeto,,
3141,ccoms,,
3142,cybersa,,
3143,primelife,,
3144,sma2,,
3145,smalltalk,,
3146,crw,,
3147,essmac,,
3148,isipers,,
3149,icbc,,
3150,ph,,
3151,compgeom,,
3152,rethics-ws,,
3153,fhies,,
3154,bigdatasec,,
3155,dialm,,
3156,intenv,,
3157,soheal-ws,,
3158,nagoya,,
3159,amlta,,
3160,iccsama,,
3161,icphys,,
3162,colcom,,
3163,ieeeias,,
3164,cisda,,
3165,have,,
3166,caivd,,
3167,blockchain,,
3168,a4cloud,,
3169,ifmt,,
3170,civts,,
3171,netcoop,,
3172,lfmtp,,
3173,iwbrs,,
3174,bsci,,
3175,volvis,,
3176,bias,,
3177,storytelling,,
3178,issse2,,
3179,ieeecca,,
3180,imspa,,
3181,hhci,,
3182,kbse,,
3183,ifip11-10,,
3184,atal,,
3185,constructivity,,
3186,acl2,,
3187,vl,,
3188,prozess,,
3189,ivmsp,,
3190,isotas,,
3191,desec,,
3192,dcv,,
3193,euromed,,
3194,svr,,
3195,icaa,,
3196,ifip3-2,,
3197,qcqc,,
3198,ucami,,
3199,hotp2p,,
3200,fireeuler,,
3201,icnlsp,,
3202,httf,,
3203,beliv,,
3204,cloudcomp,,
3205,portability,,
3206,ieeewisa,,
3207,mlcsb,,
3208,ppia,,
3209,cgp,,
3210,gldv,,
3211,cchi,,
3212,ifip5-10,,
3213,icecsys,,
3214,sosl,,
3215,bqgt,,
3216,icserv,,
3217,openidentity,,
3218,zum,,
3219,smartcom,,
3220,blogtalk,,
3221,icea,,
3222,digitalcities,,
3223,ispe,,
3224,dphoto,,
3225,robophilosophy,,
3226,icdpa,,
3227,staf,,
3228,esoa,,
3229,eucc,,
3230,siamct,,
3231,siet,,
3232,vietcrypt,,
3233,mssp,,
3234,nil,,
3235,fet,,
3236,ieeessd,,
3237,icacs,,
3238,discomt,,
3239,ciip,,
3240,cscml,,
3241,sadpi,,
3242,aose,,
3243,itn-dch,,
3244,iotdcc,,
3245,sbsc,,
3246,icicm,,
3247,s-bpm-one,,
3248,acl-ldl,,
3249,lcr,,
3250,neo,,
3251,cybersecurity,,
3252,itaero,,
3253,riit,,
3254,icmech,,
3255,isdcs,,
3256,gfkl,,
3257,isvd,,
3258,iwslt,,
3259,cloudi,,
3260,isd,,
3261,icssi,,
3262,icfet,,
3263,autoid,,
3264,hotchips,,
3265,sinc,,
3266,eva,,
3267,monterey,,
3268,icvns,,
3269,fmldo,,
3270,apascience,,
3271,spice,,
3272,smartblock,,
3273,ki,,
3274,slsfs,,
3275,iccbss,,
3276,elinfocom,,
3277,chilechi,,
3278,iscide,,
3279,iotais,,
3280,msi,,
3281,cocos,,
3282,vrtch,,
3283,hikm,,
3284,nds,,
3285,eurfid,,
3286,aipr2,,
3287,isaims,,
3288,software,,
3289,acl-cvsc,,
3290,kmgov,,
3291,lop,,
3292,abials,,
3293,pasc,,
3294,lvi,,
3295,fireworks,,
3296,ssw,,
3297,ieeeares,,
3298,complexnetworks,,
3299,icccsec,,
3300,gbcic,,
3301,acity,,
3302,cvdb,,
3303,i2mtc,,
3304,pairing,,
3305,coin-ws,,
3306,goodit,,
3307,iccai,,
3308,sersc-isa,,
3309,csai,,
3310,icvisp,,
3311,tsp,,
3312,5gwn,,
3313,ubimob,,
3314,iwpc,,
3315,seda,,
3316,eurovr,,
3317,anrw,,
3318,companion,,
3319,fdm,,
3320,iccns,,
3321,sessos,,
3322,scube,,
3323,comped,,
3324,eles,,
3325,ptw,,
3326,ali,,
3327,iwdm,,
3328,gptp,,
3329,medhocnet,,
3330,icse-seeng,,
3331,icch,,
3332,amsterdam,,
3333,icdip,,
3334,sbrc,,
3335,mobileresponse,,
3336,hbu,,
3337,adhs,,
3338,cets,,
3339,icai2,,
3340,sq,,
3341,phsn,,
3342,eals,,
3343,isgv,,
3344,dgmm,,
3345,superhuman,,
3346,ima,,
3347,fq,,
3348,mips,,
3349,cnps,,
3350,iciit,,
3351,acmicec,,
3352,ciasg,,
3353,servicewave,,
3354,h2rc,,
3355,tpcg,,
3356,medivis,,
3357,einip,,
3358,ctrs,,
3359,sped,,
3360,ml4cs,,
3361,critical,,
3362,urbiot,,
3363,nato,,
3364,facs2,,
3365,sc2,,
3366,mesoca,,
3367,algol,,
3368,annimab,,
3369,minenet,,
3370,icvw,,
3371,icoms,,
3372,see,,
3373,aegs,,
3374,sgames,,
3375,austrographics,,
3376,eurocris,,
3377,metroi,,
3378,idman,,
3379,applepies,,
3380,mtits,,
3381,supercomputer,,
3382,mmsec,,
3383,prcv,,
3384,intersol,,
3385,caldam,,
3386,fdse,,
3387,wincom,,
3388,cdb,,
3389,tpsisa,,
3390,scse,,
3391,siamcsc,,
3392,aivr,,
3393,hapoc,,
3394,acmace,,
3395,icicc,,
3396,cvcbt,,
3397,sds2,,
3398,ssps,,
3399,vahc,,
3400,cibd,,
3401,comcomap,,
3402,icse-sethics,,
3403,molva-ws,,
3404,wir,,
3405,intersense,,
3406,ppsg,,
3407,icba,,
3408,msan,,
3409,aecia,,
3410,spiesr,,
3411,imvirell,,
3412,atis,,
3413,itdrr,,
3414,cinq,,
3415,comgeo,,
3416,nmelp,,
3417,ml4cps,,
3418,nfvsdn,,
3419,isiwi,,
3420,ktw,,
3421,crone,,
3422,tppp,,
3423,works-ws,,
3424,aag,,
3425,jbi,,
3426,forum,,
3427,ta,,
3428,ipas2,,
3429,wiced,,
3430,ictinnovations,,
3431,fab,,
3432,icce-tw,,
3433,bmcv,,
3434,fruct,,
3435,sbcars,,
3436,uxtv,,
3437,cpsweek,,
3438,ifip10-3,,
3439,cidue,,
3440,anzcc,,
3441,arabwic,,
3442,ifip11,,
3443,icmcta,,
3444,icebt,,
3445,evaal,,
3446,ngc,,
3447,colognet,,
3448,nvmsa,,
3449,acmpolicy,,
3450,bpoe,,
3451,icmtel,,
3452,ict-dm,,
3453,tssdv,,
3454,dimacs,,
3455,eclap,,
3456,espa,,
3457,asian,,
3458,trap,,
3459,cimsivp,,
3460,iwlcs,,
3461,netcod,,
3462,icbk,,
3463,sdmw,,
3464,iftc,,
3465,pacs,,
3466,ieeeiwcia,,
3467,3dgis,,
3468,global,,
3469,dsde,,
3470,itnac,,
3471,wae,,
3472,edmcc,,
3473,sbp-brims,,
3474,spc,,
3475,iwbi,,
3476,gg,,
3477,snams,,
3478,mipr,,
3479,iccvw,,
3480,automata,,
3481,fogiot,,
3482,ieeeams,,
3483,asms-spsc,,
3484,eccsp,,
3485,lilog,,
3486,oberwolfach,,
3487,jsai,,
3488,wcgo,,
3489,hefa,,
3490,foritaal,,
3491,interval,,
3492,iwbf,,
3493,cspdata,,
3494,ecmast,,
3495,acom,,
3496,sbgames,,
3497,icdp,,
3498,sete,,
3499,aicol,,
3500,siie,,
3501,hcw,,
3502,gmvset,,
3503,asse,,
3504,pdse,,
3505,smds,,
3506,ihc,,
3507,finanz,,
3508,mycrypt,,
3509,icatech,,
3510,brains,,
3511,dhd,,
3512,blocksys,,
3513,emas,,
3514,fitramen,,
3515,icist2,,
3516,society,,
3517,commnet,,
3518,eps,,
3519,lats,,
3520,mhci,,
3521,green,,
3522,smartgridsec,,
3523,iiki,,
3524,eclipse,,
3525,ecmdafa,,
3526,risk,,
3527,iqsp,,
3528,cacic,,
3529,ehealth360,,
3530,cwu,,
3531,ima-ms,,
3532,wss,,
3533,dbtel,,
3534,ai4i,,
3535,rtse,,
3536,fintal,,
3537,webi,,
3538,aois,,
3539,sdl,,
3540,mprss,,
3541,envirvis-ws,,
3542,pdk,,
3543,ic3d,,
3544,esaw,,
3545,ice-itmc,,
3546,wcss,,
3547,isci,,
3548,scvma,,
3549,vsl,,
3550,nice,,
3551,euros,,
3552,mobiwis,,
3553,tapsoft,,
3554,ohs,,
3555,icetm,,
3556,ntcir,,
3557,icrc,,
3558,artdb,,
3559,dfg,,
3560,ags,,
3561,iwicpas,,
3562,jcdkb,,
3563,rseisp,,
3564,aclnews,,
3565,icbct,,
3566,dx,,
3567,saig,,
3568,iccse2,,
3569,eaia,,
3570,ehealth2,,
3571,epsec,,
3572,svm2,,
3573,serp4iot,,
3574,slte,,
3575,fotfs,,
3576,asm,,
3577,cvm,,
3578,mam,,
3579,wivec,,
3580,csnet,,
3581,dpif,,
3582,ctte,,
3583,afips,,
3584,sigplan,,
3585,evolve,,
3586,dev,,
3587,icse-web2se,,
3588,ncvpripg,,
3589,dosier,,
3590,citisens,,
3591,cibim,,
3592,icsenst,,
3593,mata,,
3594,inria,,
3595,oic,,
3596,biomet,,
3597,apcsac,,
3598,dmkdttt,,
3599,eelc,,
3600,podp,,
3601,interiot,,
3602,fnss,,
3603,cmcs,,
3604,belief,,
3605,mhvr,,
3606,bcd,,
3607,robosoft,,
3608,cd,,
3609,complenet,,
3610,dsscv,,
3611,becb,,
3612,wopplot,,
3613,ifip7,,
3614,iov,,
3615,forc,,
3616,weworc,,
3617,riiss,,
3618,sigsand,,
3619,aiia,,
3620,rasta,,
3621,iwaca,,
3622,isse2,,
3623,lsr,,
3624,dai,,
3625,rssrail,,
3626,bigdas,,
3627,ftxs,,
3628,aofa,,
3629,acl-mrqa,,
3630,tphol,,
3631,compstat,,
3632,icict2,,
3633,coinco,,
3634,citi,,
3635,spcom,,
3636,or,,
3637,balt,,
3638,simbad,,
3639,sbqs,,
3640,nsf,,
3641,gefs,,
3642,icycsee,,
3643,ifip6-6,,
3644,ltconf,,
3645,motor,,
3646,graphicsinterface,,
3647,dsia,,
3648,vlsm,,
3649,pts,,
3650,nsw,,
3651,laptec,,
3652,softcomp,,
3653,dsit,,
3654,coding,,
3655,ecss,,
3656,pv,,
3657,kninvi,,
3658,ogrs,,
3659,sipaim,,
3660,ciat,,
3661,fcrc,,
3662,wisee,,
3663,cipae,,
3664,icbl,,
3665,acmpt,,
3666,egice,,
3667,logiccoll,,
3668,wdia,,
3669,cn,,
3670,cvrmed,,
3671,mcsoc,,
3672,rmc,,
3673,tex,,
3674,irict,,
3675,abp,,
3676,ebiss,,
3677,collabtech,,
3678,uyms,,
3679,mlearn,,
3680,slerd,,
3681,wstfeus,,
3682,iml,,
3683,treds,,
3684,parbase,,
3685,blockchain2,,
3686,aicas,,
3687,ifip8-1,,
3688,icsie,,
3689,lopal,,
3690,det,,
3691,udmv,,
3692,interop,,
3693,idt,,
3694,ershov,,
3695,eagc,,
3696,b,,
3697,dmbd,,
3698,socrob,,
3699,cacre,,
3700,lads,,
3701,botse-ws,,
3702,wocci,,
3703,rweb,,
3704,acrit,,
3705,iwaipr,,
3706,iwsls2,,
3707,insci,,
3708,ieeescc,,
3709,tc11-5,,
3710,in4pl,,
3711,lfcs,,
3712,acl-bsnlp,,
3713,wcw,,
3714,aswsd,,
3715,icqe,,
3716,vg,,
3717,gamedays,,
3718,ieeeiccc,,
3719,compsens,,
3720,rehab,,
3721,abict,,
3722,gr,,
3723,icm2,,
3724,icmmi,,
3725,healthgrid,,
3726,fabulous,,
3727,iscbi,,
3728,c2si,,
3729,sigecom,,
3730,exampi,,
3731,scss,,
3732,edo,,
3733,cscesm,,
3734,edge,,
3735,stict,,
3736,psse,,
3737,psls,,
3738,inex,,
3739,ebecegc,,
3740,ipta,,
3741,iwmn,,
3742,step,,
3743,ercimdl,,
3744,kesw,,
3745,eurasiaict,,
3746,bdca,,
3747,semeval,,
3748,mownet,,
3749,isss2,,
3750,ascm,,
3751,3dica,,
3752,ifip2-5,,
3753,robot,,
3754,amcc,2.0,A
3755,ct,,
3756,his2,,
3757,inns,,
3758,acmicn,,
3759,simbig,,
3760,itib,,
3761,iscn,,
3762,dese,,
3763,reflection,,
3764,schule,,
3765,bdccf,,
3766,icit2,,
3767,depling,,
3768,cpe,,
3769,icuct,,
3770,dccn,,
3771,comad,,
3772,se,,
3773,iissc,,
3774,rbac,,
3775,evalita,,
3776,iwec,,
3777,icnidc,,
3778,misc,,
3779,codcry,,
3780,ises,,
3781,crmw,,
3782,sfm,,
3783,membrane,,
3784,waf,,
3785,wfe,,
3786,bibe2,,
3787,wnsp,,
3788,tdmmc,,
3789,aldt,,
3790,icson,,
3791,5gwf,,
3792,evow,,
3793,medinfo,,
3794,eleot,,
3795,egmm,,
3796,visalg,,
3797,ic2it,,
3798,ucet,,
3799,itcs2,,
3800,vchci,,
3801,isbdai,,
3802,iccspa,,
3803,iotdi,,
3804,giots,,
3805,afpac,,
3806,icse-met,,
3807,e4mas,,
3808,acn,,
3809,f-egc,,
3810,egc,,
3811,javacard,,
3812,ma,,
3813,icmre,,
3814,acl-vl,,
3815,ftdc,,
3816,iciai,,
3817,icla,,
3818,esse,,
3819,ismse,,
3820,csit,,
3821,pfe,,
3822,aadios,,
3823,cl,,
3824,ifip9-3,,
3825,icits2,,
3826,iberspeech,,
3827,bench,,
3828,ishpc,,
3829,socase,,
3830,wmpi,,
3831,cogalex,,
3832,iccal,,
3833,esf,,
3834,iski,,
3835,dsmp,,
3836,metroauto,,
3837,foveoos,,
3838,ifip6-3,,
3839,tabletop,,
3840,cbdar,,
3841,vlbv,,
3842,asiahaptics,,
3843,icse-bokss,,
3844,aid,,
3845,apocs,,
3846,ir,,
3847,corr,,
3848,mitjsme,,
3849,agents,,
3850,ickii,,
3851,isw,,
3852,cnsa,,
3853,vw,,
3854,ieeepact,,
3855,secitc,,
3856,acwr,,
3857,nutmic,,
3858,icwus,,
3859,wift,,
3860,isb,,
3861,euspn,,
3862,ict4s,,
3863,isdevel,,
3864,discotec,,
3865,gw,,
3866,aces,,
3867,itqm,,
3868,ewlr,,
3869,m2vip,,
3870,bigda,,
3871,banff,,
3872,compass,,
3873,java,,
3874,socialsec,,
3875,multitemp,,
3876,eci,,
3877,rice,,
3878,naa,,
3879,wac2,,
3880,spline,,
3881,sumo,,
3882,ftcs,,
3883,nids,,
3884,aiworc,,
3885,gta,,
3886,isooms,,
3887,ldrs,,
3888,mmb,,
3889,arts,,
3890,qosip,,
3891,isr2,,
3892,infrasec,,
3893,oa,,
3894,acpc,,
3895,cefp,,
3896,cim,,
3897,icfec,,
3898,jhpcs,,
3899,acmmsp,,
3900,nooj,,
3901,imvip,,
3902,afss,,
3903,setss,,
3904,scf,,
3905,pomc,,
3906,epew,,
3907,cyphy,,
3908,indis-ws,,
3909,semweb,,
3910,ppcp,,
3911,ccgidis,,
3912,hotweb,,
3913,netsec,,
3914,cavs,,
3915,asst,,
3916,hcir,,
3917,icpm,,
3918,sblp,,
3919,interworking,,
3920,mbida,,
3921,icdsp,,
3922,spde,,
3923,cfcp,,
3924,isctcs,,
3925,ieeeicics,,
3926,wns3,,
3927,mcm2,,
3928,ecumn,,
3929,vaam,,
3930,fwc,,
3931,cirat,,
3932,icmc2,,
3933,mmasia,,
3934,mam2,,
3935,ieeeisic,,
3936,csdm,,
3937,sigmorphon,,
3938,adaeurope,,
3939,siseam,,
3940,lwmoocs,,
3941,berlin,,
3942,ecda,,
3943,bildmed,,
3944,mdic,,
3945,tdb,,
3946,sa,,
3947,aii2,,
3948,mchpc,,
3949,gscit,,
3950,ogai,,
3951,fuzzieee,,
3952,tywrrs,,
3953,sdb,,
3954,setta,,
3955,rgu,,
3956,eenergy,,
3957,acl-louhi,,
3958,swis,,
3959,amf,,
3960,baip,,
3961,ngca,,
3962,nlpir,,
3963,knowcon,,
3964,siggrapha,,
3965,ccbr,,
3966,icbc2,,
3967,ifip9-6,,
3968,waga,,
3969,mr,,
3970,imtci,,
3971,iscopt,,
3972,redundancy,,
3973,aft,,
3974,sspr,3.0,B
3975,cybersec,,
3976,coco,,
3977,mwe,,
3978,isddc,,
3979,ifip5-8,,
3980,essa,,
3981,hpcct,,
3982,ep,,
3983,massdata,,
3984,efmi-stc,,
3985,osc,,
3986,sigbdp,,
3987,alcosp,,
3988,riiforum,,
3989,bigdata2,,
3990,icfnds,,
3991,cloudforward,,
3992,pcrcw,,
3993,adatec,,
3994,ewhci,,
3995,3dim,,
3996,nmbia,,
3997,sigal,,
3998,cib,,
3999,clawar,,
4000,inmed,,
4001,pado,,
4002,echt,,
4003,sgai,,
4004,aies,,
4005,nets4cars,,
4006,minar,,
4007,acl-codeswitch,,
4008,tau,,
4009,webmine,,
4010,ldpm,,
4011,cjcdgcgt,,
4012,konvens,,
4013,sadfe,,
4014,nccet,,
4015,edemocracy,,
4016,promisews,,
4017,cser,,
4018,isips,,
4019,scivis,,
4020,iconas,,
4021,icaicst,,
4022,ruscdays,,
4023,iniscom,,
4024,aiucd,,
4025,clsw,,
4026,clrimg,,
4027,daeng,,
4028,softent,,
4029,nlpke,,
4030,icmlc2,,
4031,rissef,,
4032,acl-swaie,,
4033,ismda,,
4034,iccip,,
4035,spml,,
4036,otm,,
4037,ismp,,
4038,dbvis,,
4039,cccv,,
4040,ammds,,
4041,music,,
4042,rcdl,,
4043,iarwisoci,,
4044,cimi,,
4045,atci,,
4046,sls,,
4047,3dic,,
4048,rp,,
4049,mc2,,
4050,mb,,
4051,icacci,,
4052,ciel,,
4053,icpia,,
4054,istcs,,
4055,aimech,,
4056,hmwc,,
4057,iesa,,
4058,iicaiet,,
4059,graphik,,
4060,cui,,
4061,gridnets,,
4062,smartnets,,
4063,glvlsi,,
4064,eurova-ws,,
4065,wedelmusic,,
4066,secsr,,
4067,complexis,,
4068,agentcl,,
4069,esws,,
4070,cwit,,
4071,networking,3.0,B
4072,mamus,,
4073,iknow,,
4074,damas,,
4075,awoc,,
4076,eduhpc,,
4077,acit2,,
4078,apres,,
4079,icftcs,,
4080,emisa,,
4081,sycss,,
4082,icsai,,
4083,ieeecloud,,
4084,acling,,
4085,itch,,
4086,sfp,,
4087,lpss,,
4088,eamt,,
4089,asar,,
4090,bcfic,,
4091,bigsdm,,
4092,starsem,,
4093,ifip3-4,,
4094,iccasa,,
4095,ip-c,,
4096,cive,,
4097,itrust,,
4098,ifip12,,
4099,ifgis,,
4100,nph,,
4101,maamaw,,
4102,ewcbr,,
4103,eurospi,,
4104,mendel,,
4105,ieeeinteract,,
4106,qrs,3.0,B-
4107,modre-ws,,
4108,raad,,
4109,wia,,
4110,amost,,
4111,tcgov,,
4112,ode,,
4113,icdlt,,
4114,iwoar,,
4115,aaate,,
4116,iwsas,,
4117,imf,,
4118,iintec,,
4119,programm,,
4120,iccir,,
4121,scesm,,
4122,ambisys,,
4123,pearl,,
4124,ifip11-4,,
4125,coregrid,,
4126,gree,,
4127,cybconf,,
4128,vsgames,,
4129,icgtis,,
4130,scan,,
4131,gc,,
4132,icsengt,,
4133,sdh,,
4134,witfor,,
4135,tal,,
4136,wwca,,
4137,iciscae,,
4138,acsos,,
4139,eurofuse,,
4140,acl-alw,,
4141,astroinf,,
4142,skima,,
4143,ibm,,
4144,nn,,
4145,bcca,,
4146,ccl,,
4147,jcai,,
4148,iral,,
4149,pdos,,
4150,energieinformatik,,
4151,ichsa,,
4152,passwords,,
4153,casdmkm,,
4154,csia,,
4155,hworkload,,
4156,jcdcg,,
4157,cybersecpods,,
4158,issads,,
4159,pvm,,
4160,respect,,
4161,ewgdss,,
4162,ifip5-1,,
4163,tadds,,
4164,iccais,,
4165,isdmci,,
4166,syncop,,
4167,vissci,,
4168,bifoa,,
4169,macis,,
4170,sirs,,
4171,jtb,,
4172,antsw,,
4173,icfpc,,
4174,iwbis,,
4175,menacomm,,
4176,kmo,,
4177,ccbd,,
4178,icbbs,,
4179,easc,,
4180,icccv,,
4181,icarsc,,
4182,cobuild,,
4183,icdis,,
4184,medprai,,
4185,wetseb-ws,,
4186,icimth,,
4187,imr,,
4188,medbiometrics,,
4189,cisis-spain,,
4190,ficta,,
4191,ervr,,
4192,iscsic,,
4193,strict,,
4194,cadui,,
4195,affectre-ws,,
4196,usm,,
4197,diau,,
4198,enumath,,
4199,wod,,
4200,cube,,
4201,robvis,,
4202,ivs,,
4203,wlsi,,
4204,icr,,
4205,ised,,
4206,audio,,
4207,cost,,
4208,mindcare,,
4209,idsta,,
4210,esweek,,
4211,heart,,
4212,ro,,
4213,ewmf,,
4214,euromicro,,
4215,lmac,,
4216,vbc,,
4217,agop,,
4218,civvs,,
4219,lamas,,
4220,eurodac,,
4221,tacl,,
4222,fgct,,
4223,ifip8-6,,
4224,eecs,,
4225,enic,,
4226,gbrpr,,
4227,sct,,
4228,isc2,,
4229,icin,,
4230,coop,,
4231,ifip13-5,,
4232,iciot3,,
4233,georob,,
4234,sacrypt,,
4235,tsdm,,
4236,cbs,,
4237,aims2,,
4238,fira,,
4239,iceel,,
4240,carla,,
4241,nordicloud,,
4242,mobilesoft,,
4243,smartgift,,
4244,acssc,,
4245,pmbs-ws,,
4246,algocloud,,
4247,mlicom,,
4248,ies2,,
4249,insid,,
4250,context,,
4251,iwcit,,
4252,dsw,,
4253,intcompsymp,,
4254,icacie,,
4255,ieeecgiv,,
4256,darpa,,
4257,iwnc,,
4258,cecc,,
4259,swe-ctw,,
4260,giae,,
4261,swarm,,
4262,isdfs,,
4263,iwde,,
4264,correctness,,
4265,acsc,,
4266,frauen,,
4267,codes,,
4268,lomaps,,
4269,ieaaie,,
4270,argmining,,
4271,marble,,
4272,fiwac,,
4273,candc,,
4274,isgteurope,,
4275,iotsms,,
4276,rt,,
4277,plisp,,
4278,egh,,
4279,relmics,,
4280,grpa,,
4281,iwbbio,,
4282,soqua,,
4283,symbiotic,,
4284,acmturc,,
4285,alp,,
4286,cogip,,
4287,wiflex,,
4288,cgga,,
4289,teaa,,
4290,mc,,
4291,dance,,
4292,ncs2,,
4293,escape,,
4294,wimbi,,
4295,ebernburg,,
4296,rtip2r,,
4297,eurocybersec,,
4298,ngcas,,
4299,chiuxid,,
4300,cvbia,,
4301,sas2,,
4302,iccnc,,
4303,memsys,,
4304,icaif,,
4305,gistam,,
4306,sigplanw,,
4307,eurongi,,
4308,rocond,,
4309,ccs3,,
4310,eemmas,,
4311,avr,,
4312,eais,,
4313,eca,,
4314,chiplay,,
4315,intellec,,
4316,wmi,,
4317,scitools,,
4318,vvg,,
4319,intesa,,
4320,clihc,,
4321,dlfm,,
4322,aisi,,
4323,carr,,
4324,nctcs,,
4325,acl-sighan,,
4326,ccir,,
4327,sugarloafplop,,
4328,sbst,,
4329,micad,,
4330,isms,,
4331,cicba,,
4332,icca2,,
4333,sneps,,
4334,aussois,,
4335,ceemas,,
4336,fcc,,
4337,lsms,,
4338,mss,,
4339,pia,,
4340,qlsc,,
4341,dmiaf,,
4342,cicai,,
4343,icsle,,
4344,csps,,
4345,acisicis,,
4346,apn,,
4347,dddas,,
4348,bea,,
4349,acosis,,
4350,iwpec,,
4351,ils,,
4352,dessert,,
4353,ifip5-4,,
4354,clfl,,
4355,patat,3.0,B-
4356,gsw,,
4357,movep,,
4358,icmhi,,
4359,hscma,,
4360,mobiopp,,
4361,syroco,,
4362,lightsec,,
4363,mspn,,
4364,disco,,
4365,indiase,,
4366,instinctive,,
4367,ahfe,,
4368,wacc,,
4369,datenschutz,,
4370,csicc,,
4371,bigdataconf,,
4372,copa,,
4373,ric,,
4374,icaiic,,
4375,icbip,,
4376,papm,,
4377,wrac,,
4378,icitl,,
4379,icexss,,
4380,chinasip,,
4381,posta,,
4382,nolcos,,
4383,glakes,,
4384,forms,,
4385,vikingplop,,
4386,pdd,,
4387,mcqmc,,
4388,tic,,
4389,seuh,,
4390,aiam,,
4391,sast,,
4392,tpnc,,
4393,armor,,
4394,culture,,
4395,apmar,,
4396,i4cs,,
4397,mlcad,,
4398,wes,,
4399,icrmat,,
4400,secnet,,
4401,hoa,,
4402,mrs,,
4403,expcs,,
4404,icicis,,
4405,cicac,,
4406,miipop,,
4407,iseaisap,,
4408,umwelt,,
4409,prni,,
4410,itee,,
4411,mlcw,,
4412,dmtcs,,
4413,egve,,
4414,stdbm,,
4415,fates,,
4416,bioma,,
4417,sbsi,,
4418,cwsn,,
4419,ddep,,
4420,wiser,,
4421,uml,,
4422,internetware,,
4423,dydess,,
4424,icprai,,
4425,kdecb,,
4426,medcomnet,,
4427,programming,,
4428,jmlc,,
4429,rims,,
4430,ws,,
4431,aieeire,,
4432,service,,
4433,alife,,
4434,ieeecmc,,
4435,ifip8,,
4436,birthday,,
4437,atacss,,
4438,iwsm,,
4439,hpsc,,
4440,awict,,
4441,niss,,
4442,icissp,,
4443,nf2,,
4444,wea2,,
4445,e2emon,,
4446,ithings,,
4447,automation,,
4448,rndm,,
4449,ecsq,,
4450,alcob,,
4451,icbsp,,
4452,sohoma,,
4453,cep,,
4454,vissym,,
4455,icta2,,
4456,bcshci,,
4457,icsde,,
4458,cap,,
4459,d-cscl,,
4460,tafa,,
4461,dexaw,,
4462,iics,,
4463,tipster,,
4464,agtive,,
4465,emoocs,,
4466,icii,,
4467,semco,,
4468,human,,
4469,category,,
4470,icpca,,
4471,icdf2c,,
4472,fasec,,
4473,spit,,
4474,netys,,
4475,ark,,
4476,sapir,,
4477,lori,,
4478,prisms,,
4479,ismsi,,
4480,iwow,,
4481,llvmhpc,,
4482,isicdm,,
4483,icmas,,
4484,icccs,,
4485,stast,,
4486,lifetech,,
4487,dpta,,
4488,space,,
4489,sace,,
4490,apwcs2,,
4491,eurorvvv-ws,,
4492,ifip6-2,,
4493,latincom,,
4494,gfheu,,
4495,iccsw,,
4496,fetlt,,
4497,iimss,,
4498,ecdp,,
4499,perdis,,
4500,diagrams,,
4501,europar,,
4502,faw,,
4503,norcas,,
4504,mcps,,
4505,sisw,,
4506,acl-cmcl,,
4507,stacom-ws,,
4508,ic2e,,
4509,csee2,,
4510,delos,,
4511,3dtv,,
4512,muscle,,
4513,hip,,
4514,mmmacns,,
4515,csise,,
4516,bertinoro,,
4517,secdev,,
4518,cncl,,
4519,iccchina,,
4520,kont,,
4521,rules,,
4522,africom,,
4523,kesidt,,
4524,pgas,,
4525,taicpart,,
4526,lbs,,
4527,civi,,
4528,iccac,,
4529,tesca,,
4530,medalg,,
4531,caan,,
4532,icse-seh,,
4533,mochart,,
4534,ccris,,
4535,els,,
4536,summersim,,
4537,scala-ws,,
4538,immerscom,,
4539,wapcv,,
4540,cisched,,
4541,ict4ageingwell,,
4542,ifip1-7,,
4543,blackboxnlp,,
4544,cartocon,,
4545,crowdre-ws,,
4546,spaccs,,
4547,icsem,,
4548,mseem,,
4549,secperu,,
4550,ivsw,,
4551,icalp2,,
4552,wci,,
4553,unet,,
4554,fiw,,
4555,calisce,,
4556,ceig,,
4557,gramsec,,
4558,isat,,
4559,issoc,,
4560,moz,,
4561,ftp,,
4562,fpgaworld,,
4563,kkio,,
4564,codit,,
4565,icwca,,
4566,tlt,,
4567,nlpcc,,
4568,acl-peoples,,
4569,idaacssws,,
4570,cg,,
4571,selmas,,
4572,tfwwg,,
4573,cdmake,,
4574,csa3,,
4575,accas,,
4576,roedunet,,
4577,rose-ws,,
4578,incdm,,
4579,icgi2,,
4580,acl-multiling,,
4581,rcai,,
4582,e2dc,,
4583,faabs,,
4584,wbma,,
4585,iasam,,
4586,services2,,
4587,icitkm,,
4588,icaiis,,
4589,avsp,,
4590,airtc,,
4591,dcw,,
4592,acmidc,,
4593,jelia,3.0,B-
4594,wiri,,
4595,ase-bigdata,,
4596,cm,,
4597,wmt,,
4598,womo,,
4599,fple,,
4600,itap,,
4601,ococosda,,
4602,vehits,,
4603,isivc,,
4604,jist,,
4605,scdm,,
4606,jauti,,
4607,spatialdi,,
4608,serip-ws,,
4609,lm,,
4610,icmcs2,,
4611,ihiet,,
4612,gensips,,
4613,d4re-ws,,
4614,netsci,,
4615,ilrn,,
4616,cipls,,
4617,iscram-med,,
4618,sc-iaaa,,
4619,eups,,
4620,sadasc,,
4621,isdoc,,
4622,interaction,,
4623,ecp,,
4624,sta,,
4625,adhip,,
4626,arch,,
4627,si3d,,
4628,eusai,,
4629,smartcloud,,
4630,dsa,,
4631,bioms,,
4632,iccde,,
4633,mis,,
4634,m2p,,
4635,ca,,
4636,erpf,,
4637,ecoopw,,
4638,lec,,
4639,spievip,,
4640,smsociety,,
4641,ling,,
4642,hucc,,
4643,sate,,
4644,iccnsm,,
4645,searis,,
4646,aiss,,
4647,fave,,
4648,fnc,,
4649,ecsee,,
4650,ispan,,
4651,xloop-ws,,
4652,wadgmm,,
4653,canpc,,
4654,mobserv,,
4655,gcai,,
4656,unu,,
4657,mg,,
4658,fuzzy,,
4659,fosad,,
4660,metainformatics,,
4661,aadebug,,
4662,icgj,,
4663,event,,
4664,egcee,,
4665,ccia,,
4666,esas,,
4667,grmse,,
4668,icaai,,
4669,eurousec,,
4670,fscd,,
4671,eks,,
4672,mobis,,
4673,eknow,,
4674,ceri,,
4675,iccsip,,
4676,icawst,,
4677,scw,,
4678,scds,,
4679,iwcc,,
4680,artqos,,
4681,ppswr,,
4682,icsh,,
4683,uhdl,,
4684,ckec,,
4685,kgc,,
4686,infrkm,,
4687,aidr,,
4688,raai,,
4689,fmco,,
4690,ieeehpcs,,
4691,acl-pitr,,
4692,spbg,,
4693,icse-apr,,
4694,tophpc,,
4695,biosurveillance,,
4696,futsec,,
4697,ordal,,
4698,slpat,,
4699,lpkr,,
4700,sdn4fns,,
4701,cgc,,
4702,um,,
4703,rise,,
4704,block,,
4705,istel,,
4706,vare,,
4707,icons2,,
4708,plcpvm,,
4709,sagamore,,
4710,esmart,,
4711,icse-qse,,
4712,summersoc,,
4713,lambda,,
4714,smp,,
4715,ihsed,,
4716,ergoia,,
4717,bcicts,,
4718,wanlp,,
4719,expat,,
4720,fpca,,
4721,sbesc,,
4722,gcse,,
4723,sesena,,
4724,asiajcis,,
4725,intelligent,,
4726,mcss,,
4727,mlvis-ws,,
4728,cogmi,,
4729,ifachms,,
4730,isamsr,,
4731,dices,,
4732,verwaltung,,
4733,dare,,
4734,weah,,
4735,is-mis,,
4736,itbam,,
4737,cica,,
4738,ict4d,,
4739,wf-iot,,
4740,argmas,,
4741,ifip11-9,,
4742,icisdm,,
4743,sequences,,
4744,acl-figlang,,
4745,cogsys,,
4746,rpr,,
4747,awcc,,
4748,tagt,,
4749,crowncom,,
4750,mm4ch,,
4751,emcis,,
4752,aicv2,,
4753,apbpm,,
4754,aughuman,,
4755,ap2pc,,
4756,uemcom,,
4757,chira,,
4758,midp,,
4759,jobim,,
4760,miua,,
4761,huc,,
4762,greenets,,
4763,smartct,,
4764,hlk,,
4765,iceed,,
4766,tllm,,
4767,eos,,
4768,dagm,,
4769,optima,,
4770,wcicss,,
4771,mcpr2,,
4772,aluacs,,
4773,irep,,
4774,mimi,,
4775,mbsdi,,
4776,gsem,,
4777,voteid,,
4778,iwcls,,
4779,ewdc,,
4780,fp,,
4781,aihc,,
4782,memetic,,
4783,tidse,,
4784,kbcs,,
4785,biow,,
4786,wob,,
4787,syde,,
4788,scisisis,,
4789,hima,,
4790,cscs2,,
4791,iwcm,,
4792,biovis,,
4793,ni,,
4794,aninex,,
4795,ifip6,,
4796,vecos,,
4797,icsmm,,
4798,icssa,,
4799,adg,,
4800,itag,,
4801,pet,,
4802,uiall,,
4803,specom,,
4804,cdma,,
4805,kaleidoscope,,
4806,dbsec,3.0,B-
4807,icteri,,
4808,ifip9,,
4809,dh,,
4810,cognitive,,
4811,icscib,,
4812,captech,,
4813,fmsd,,
4814,badgers,,
4815,latincloud,,
4816,egose,,
4817,revolutions,,
4818,slsp,,
4819,hotsos,,
4820,tsa,,
4821,kesamsta,,
4822,avmfss,,
4823,ieeesec,,
4824,fablearn,,
4825,ifip5-3,,
4826,deec,,
4827,hmi,,
4828,cimaging,,
4829,ppsc,,
4830,syben,,
4831,bigdataservice,,
4832,ltec,,
4833,icica,,
4834,iccl2,,
4835,snn,,
4836,pcfd,,
4837,dce,,
4838,chdd,,
4839,emip,,
4840,r3geo,,
4841,scalespace,,
4842,cods,,
4843,icss2,,
4844,bionlp,,
4845,rep4nlp,,
4846,dtuc,,
4847,spatialcognition,,
4848,imbsa,,
4849,kelsi,,
4850,eiivcp,,
4851,tfm,,
4852,smartiot,,
4853,icspcc,,
4854,hm,,
4855,3pgcic,,
4856,icchp,,
4857,aire-ws,,
4858,iwia,,
4859,bambi,,
4860,snds,,
4861,lpar,3.0,B
4862,umc,,
4863,tokenomics,,
4864,vardial,,
4865,ifsa,,
4866,fidji,,
4867,discex,,
4868,ieeeants,,
4869,itits,,
4870,dappcon,,
4871,dsvis,,
4872,ehci,,
4873,iwcs,,
4874,acfie,,
4875,gesellschaft,,
4876,iwdc,,
4877,greens,,
4878,skm,,
4879,dsp-spe,,
4880,eforensics,,
4881,para,,
4882,pacbb,,
4883,rsfdgrc,,
4884,compeng,,
4885,csa2,,
4886,sysose,,
4887,ifip8-2,,
4888,ecweb,,
4889,icse-wain,,
4890,snapl,,
4891,ai50,,
4892,pqcrypto,,
4893,rivp,,
4894,antalg,,
4895,teletraffic,,
4896,hytra,,
4897,lsystems,,
4898,ichms,,
4899,mfdbs,,
4900,brainles-ws,,
4901,ihis,,
4902,ficloud,,
4903,esslli,,
4904,miip,,
4905,nlp,,
4906,scc2,,
4907,wikis,,
4908,csemws,,
4909,dgo,,
4910,fungames,,
4911,euprojects,,
4912,etvis,,
4913,isba,,
4914,dai2,,
4915,gamification,,
4916,aclnut,,
4917,espre-ws,,
4918,sanskrit,,
4919,wlp,,
4920,faa,,
4921,cniot,,
4922,mcss2,,
4923,aisa,,
4924,mlhpc-ws,,
4925,ccci,,
4926,prolamat,,
4927,infosec,,
4928,ese,,
4929,paa,,
4930,laser,,
4931,miigp,,
4932,rrnr,,
4933,gamenets,,
4934,t2fuzz,,
4935,cnhpca,,
4936,sds,,
4937,sea2,,
4938,sofl,,
4939,visualization,,
4940,csr2,,
4941,bonnco,,
4942,amihealth,,
4943,ihsi,,
4944,aacc,,
4945,ssct,,
4946,ptai,,
4947,aiccc,,
4948,sscc,,
4949,bcc,,
4950,iotbd,,
4951,flfp,,
4952,dsai,,
4953,wodes,,
4954,sofa,,
4955,pais,,
4956,mediaforensics,,
4957,emtc,,
4958,lacci,,
4959,rrpr,,
4960,cad,,
4961,vigta,,
4962,caepia,,
4963,aes,,
4964,seta,,
4965,idcs,,
4966,ccs2,,
4967,cloudnet,,
4968,contel,,
4969,rfidsecasia,,
4970,icbea,,
4971,itc-asia,,
4972,ml,,
4973,ccis,,
4974,iconference,,
4975,icacni,,
4976,acl-bucc,,
4977,blackseecom,,
4978,ewsa,,
4979,edbtw,,
4980,pemwn,,
4981,opensky,,
4982,lsgrid,,
4983,usab,,
4984,aca,,
4985,complife,,
4986,ctcs,,
4987,kryptotag,,
4988,tainn,,
4989,iot360,,
4990,caasafeproc,,
4991,aike,,
4992,mlmi,,
4993,ieeeia,,
4994,sicherheit,,
4995,bigcom,,
4996,fodo,,
4997,ifip10,,
4998,ais2,,
4999,bdim,,
5000,ieeevast,,
5001,jcc-bd,,
5002,acl-socialnlp,,
5003,calc,,
5004,wea,,
5005,gala,,
5006,kka,,
5007,bioadit,,
5008,bfal,,
5009,idmb,,
5010,ecaiw,,
5011,misnc,,
5012,idms,,
5013,chddh,,
5014,iwisc,,
5015,cga,,
5016,mibam,,
5017,hpcasia,,
5018,charme,,
5019,edb,,
5020,aics,,
5021,ascc,,
5022,icqt,,
5023,cbc,,
5024,relsoft,,
5025,bs,,
5026,ivs2,,
5027,welcom,,
5028,iwobi,,
5029,asscc,,
5030,bdc,,
5031,icdsci,,
5032,gski,,
5033,scie,,
5034,3dph,,
5035,acl-nlpcss,,
5036,interaccion,,
5037,latice,,
5038,bvai,,
5039,hciaero,,
5040,mln,,
5041,igta,,
5042,visual,,
5043,ieeesam,,
5044,dynamo,,
5045,acmsgl,,
5046,xpu,,
5047,sirocco,3.0,B-
5048,sensecam,,
5049,psyco,,
5050,ewdw,,
5051,cedem,,
5052,ccmb,,
5053,sigopse,,
5054,icsnw,,
5055,iconac,,
5056,compulog,,
5057,mmbd,,
5058,bnt,,
5059,iwic,,
5060,hpagc,,
5061,iwesep,,
5062,iccda,,
5063,oographics,,
5064,dial,,
5065,adl,,
5066,6gsummit,,
5067,muc,,
5068,odyssey,,
5069,iccpr,,
5070,mesas,,
5071,cescit,,
5072,simpda,,
5073,dagstuhl,,
5074,iciss2,,
5075,icfce,,
5076,politicalspeech,,
5077,uidis,,
5078,ifiptcs,,
5079,geos,,
5080,vismath,,
5081,icmlsc,,
5082,icse-encycris,,
5083,ictas,,
5084,isaga,,
5085,gsi,,
5086,sce,,
5087,pacling,,
5088,mcmaster,,
5089,mab,,
5090,slds,,
5091,3dor,,
5092,ifip2,,
5093,msiw,,
5094,bdiot2,,
5095,nanonet,,
5096,chil,,
5097,emccompo,,
5098,rsctc,,
5099,lctrts,,
5100,cihli,,
5101,anziis,,
5102,ims2,,
5103,acsw,,
5104,gcaiot,,
5105,biowire,,
5106,repeval,,
5107,datech,,
5108,cwmt,,
5109,cslaw,,
5110,iwsda,,
5111,wdam,,
5112,sigsoft,,
5113,ifip5-7,,
5114,annsim,,
5115,cics,,
5116,cicare,,
5117,temu,,
5118,mtpp,,
5119,fsdm,,
5120,gmds,,
5121,lkr,,
5122,db-workshops,,
5123,fplay,,
5124,fat,,
5125,amcp,,
5126,dali,,
5127,aclwac,,
5128,iccsci,,
5129,ladis,,
5130,mis4tel,,
5131,os,,
5132,iwci,,
5133,softerg,,
5134,icite,,
5135,compcon,,
5136,bsdia,,
5137,ictglow,,
5138,ldic,,
5139,cwords,,
5140,amec,,
5141,ifiptm,,
5142,widecom,,
5143,niles,,
5144,icia2,,
5145,ergoihm,,
5146,egitaly,,
5147,irc,,
5148,csfw,,
5149,ssdgp,,
5150,permin,,
5151,gm,,
5152,nixdorf,,
5153,wcflp,,
5154,ifip3,,
5155,icimtech,,
5156,rur,,
5157,innovations,,
5158,openshmem,,
5159,mrcs,,
5160,sucoms,,
5161,brain,,
5162,litp,,
5163,uv,,
5164,qcav,,
5165,elec,,
5166,exla,,
5167,jic,,
5168,acmcsc,,
5169,lfp,,
5170,jit,,
5171,balkancryptsec,,
5172,wstst,,
5173,pdo,,
5174,ht,,
5175,aivr2,,
5176,chigreece,,
5177,pyhpc-ws,,
5178,cvip,,
5179,coolchips,,
5180,ukicer,,
5181,qofis,,
5182,ssic,,
5183,ieeecit,,
5184,cibci,,
5185,acl-clinicalnlp,,
5186,romoco,,
5187,icfpt,,
5188,comop,,
5189,door,,
5190,tishw,,
5191,aaecc,,
5192,geomed,,
5193,ifip13,,
5194,gamesem,,
5195,icdsp2,,
5196,icppw,,
5197,mobisec2,,
5198,praapr,,
5199,pac,,
5200,candt,,
5201,wbdb,,
5202,fmec,,
5203,sach,,
5204,bmfa,,
5205,bliss,,
5206,bdaw,,
5207,acit3,,
5208,spac,,
5209,ttcs,,
5210,cies,,
5211,rfidta,,
5212,apvis,,
5213,spw,,
5214,sbm,,
5215,russir,,
5216,p3hpc-ws,,
5217,hpcn,,
5218,dependsys,,
5219,cbd,,
5220,socialinformatics,,
5221,ifip10-5,,
5222,eurocode,,
5223,wotug,,
5224,kgswc,,
5225,iccc2,,
5226,mim,,
5227,ola,,
5228,hucom,,
5229,wsfm,,
5230,asunam,,
5231,aitest,,
5232,crss,,
5233,hpcse,,
5234,isn,,
5235,ict-eurasia,,
5236,animalci,,
5237,ssc,,
5238,mcetech,,
5239,aisadm,,
5240,intellcomm,,
5241,cae,,
5242,ictl,,
5243,meta,,
5244,colog,,
5245,apdc,,
5246,cshi,,
5247,napaw,,
5248,gdn,,
5249,haw,,
5250,inhci,,
5251,ewsdn,,
5252,ccks,,
5253,igis,,
5254,iwan,,
5255,bioid,,
5256,kramas,,
5257,dsrt,,
5258,idl,,
5259,rest,,
5260,icnn,,
5261,nana,,
5262,mmns,,
5263,sdiev,,
5264,apnet,,
5265,phycs,,
5266,kcap,,
5267,limits,,
5268,selfman,,
5269,kdid,,
5270,ieeeicci,,
5271,advis,,
5272,ec2nd,,
5273,ipcai,,
5274,obd,,
5275,obpdc,,
5276,seeda,,
5277,icadiwt,,
5278,tat,,
5279,ium,,
5280,hotos,3.0,B
5281,ncpw,,
5282,liwis,,
5283,hybrid,,
5284,ifip8-3,,
5285,iccoms,,
5286,pkia,,
5287,iwmm,,
5288,mammo,,
5289,ids,,
5290,ifip3-7,,
5291,cpscip,,
5292,africhi,,
5293,ieeealife,,
5294,scor,,
5295,mod,,
5296,mmas,,
5297,hic,,
5298,cisc,,
5299,complexsystems,,
5300,cpsna,,
5301,procedia,,
5302,wcit,,
5303,biotec,,
5304,isdt,,
5305,express,,
5306,entcs,,
5307,infinity,,
5308,calculemus,,
5309,agp,,
5310,sci,,
5311,sapere,,
